tratamento,parcela,numero_parcela,codigo_parcela,coleta_seq,coleta,data,sedimento_g,observacao_celula_original
LIMPO,4- 4.1 LIMPO,4,4.1,1,1A,2025-05-13,94.82,94.82
LIMPO,4- 4.1 LIMPO,4,4.1,2,2A,2025-05-21,1039.78,"1039,78 (3 filtros)"
LIMPO,4- 4.1 LIMPO,4,4.1,3,3A,2025-05-29,35.51,35.51
LIMPO,4- 4.1 LIMPO,4,4.1,4,4A,2025-06-12,247.29,"4-  247,29"
LIMPO,4- 4.1 LIMPO,4,4.1,5,5A,2025-06-17,321.74,"4- 321,74"
LIMPO,4- 4.1 LIMPO,4,4.1,6,6A,2025-06-26,42.96,"4- 42,96"
LIMPO,4- 4.1 LIMPO,4,4.1,7,7A,2025-07-01,97.36,"4- 97,36"
LIMPO,4- 4.1 LIMPO,4,4.1,8,8A,2025-07-10,78.55,"4- 78,55"
LIMPO,4- 4.1 LIMPO,4,4.1,9,9A,2025-07-25,219.06,"4 - 219,06"
LIMPO,4- 4.1 LIMPO,4,4.1,10,10A,2025-08-08,336.54,"4- 336,54 (4f)"
LIMPO,4- 4.1 LIMPO,4,4.1,11,11A,2025-08-14,14.77,"4- 14,77"
LIMPO,4- 4.1 LIMPO,4,4.1,12,12A,2025-08-19,9.24,"4- 9,24"
LIMPO,4- 4.1 LIMPO,4,4.1,13,13A,2025-09-10,21.87,"4- 21,87"
LIMPO,4- 4.1 LIMPO,4,4.1,14,14A,2025-10-30,49.4,"4- 49,4"
LIMPO,4- 4.1 LIMPO,4,4.1,15,15A,2025-11-24,8.83,"4- 8,83"
LIMPO,8- 4.2 LIMPO,8,4.2,1,1A,2025-05-13,98.78,98.78
LIMPO,8- 4.2 LIMPO,8,4.2,2,2A,2025-05-21,774.05,"774,05 (3 filtros)"
LIMPO,8- 4.2 LIMPO,8,4.2,3,3A,2025-05-29,13.95,13.95
LIMPO,8- 4.2 LIMPO,8,4.2,4,4A,2025-06-12,107.58,"8- 107,58"
LIMPO,8- 4.2 LIMPO,8,4.2,5,5A,2025-06-17,302.15,"8- 302,15"
LIMPO,8- 4.2 LIMPO,8,4.2,6,6A,2025-06-26,43.95,"8- 43,95"
LIMPO,8- 4.2 LIMPO,8,4.2,7,7A,2025-07-01,123.52,"8- 123,52"
LIMPO,8- 4.2 LIMPO,8,4.2,8,8A,2025-07-10,24.72,"8- 24,72"
LIMPO,8- 4.2 LIMPO,8,4.2,9,9A,2025-07-25,144.07,"8- 144,07"
LIMPO,8- 4.2 LIMPO,8,4.2,10,10A,2025-08-08,171.58,"8- 171,58"
LIMPO,8- 4.2 LIMPO,8,4.2,11,11A,2025-08-14,37.93,"8- 37,93"
LIMPO,8- 4.2 LIMPO,8,4.2,12,12A,2025-08-19,49.01,"8- 49,01"
LIMPO,8- 4.2 LIMPO,8,4.2,13,13A,2025-09-10,49.79,"8- 49,79"
LIMPO,8- 4.2 LIMPO,8,4.2,14,14A,2025-10-30,0.7,"8- 0,7"
LIMPO,8- 4.2 LIMPO,8,4.2,15,15A,2025-11-24,7.38,"8- 7,38"
LIMPO,11- 4.3 LIMPO,11,4.3,1,1A,2025-05-13,172.62,172.62
LIMPO,11- 4.3 LIMPO,11,4.3,2,2A,2025-05-21,700.41,"700,41 (2 filtros)"
LIMPO,11- 4.3 LIMPO,11,4.3,3,3A,2025-05-29,10.62,10.62
LIMPO,11- 4.3 LIMPO,11,4.3,4,4A,2025-06-12,30.81,"11- 30,81"
LIMPO,11- 4.3 LIMPO,11,4.3,5,5A,2025-06-17,278.04,"11- 278,04"
LIMPO,11- 4.3 LIMPO,11,4.3,6,6A,2025-06-26,46.28,"11- 46,28"
LIMPO,11- 4.3 LIMPO,11,4.3,7,7A,2025-07-01,100.01,"11- 100,01"
LIMPO,11- 4.3 LIMPO,11,4.3,8,8A,2025-07-10,39.08,"11- 39,08"
LIMPO,11- 4.3 LIMPO,11,4.3,9,9A,2025-07-25,145.06,"11- 145,06"
LIMPO,11- 4.3 LIMPO,11,4.3,10,10A,2025-08-08,290.01,"11- 290,01"
LIMPO,11- 4.3 LIMPO,11,4.3,11,11A,2025-08-14,47.06,"11- 47,06"
LIMPO,11- 4.3 LIMPO,11,4.3,12,12A,2025-08-19,57.1,"11- 57,10"
LIMPO,11- 4.3 LIMPO,11,4.3,13,13A,2025-09-10,24.72,"11- 24,72"
LIMPO,11- 4.3 LIMPO,11,4.3,14,14A,2025-10-30,50.6,"11- 50,6"
LIMPO,11- 4.3 LIMPO,11,4.3,15,15A,2025-11-24,14.6,"11- 14,60"
LIMPO,13- 4.4 LIMPO,13,4.4,1,1A,2025-05-13,200.35,200.35
LIMPO,13- 4.4 LIMPO,13,4.4,2,2A,2025-05-21,766.69,"766,69 (2 filtros)"
LIMPO,13- 4.4 LIMPO,13,4.4,3,3A,2025-05-29,19.94,19.94
LIMPO,13- 4.4 LIMPO,13,4.4,4,4A,2025-06-12,173.15,"13- 173,15"
LIMPO,13- 4.4 LIMPO,13,4.4,5,5A,2025-06-17,250.8,"13- 250,80"
LIMPO,13- 4.4 LIMPO,13,4.4,6,6A,2025-06-26,44.09,"13- 44,09"
LIMPO,13- 4.4 LIMPO,13,4.4,7,7A,2025-07-01,35.87,"13- 35,87"
LIMPO,13- 4.4 LIMPO,13,4.4,8,8A,2025-07-10,40.05,"13- 40,05"
LIMPO,13- 4.4 LIMPO,13,4.4,9,9A,2025-07-25,97.41,"13- 97,41"
LIMPO,13- 4.4 LIMPO,13,4.4,10,10A,2025-08-08,329.59,"13- 329,59"
LIMPO,13- 4.4 LIMPO,13,4.4,11,11A,2025-08-14,13.66,"13- 13,66"
LIMPO,13- 4.4 LIMPO,13,4.4,12,12A,2025-08-19,50.99,"13- 50,99"
LIMPO,13- 4.4 LIMPO,13,4.4,13,13A,2025-09-10,40.12,"13- 40,12"
LIMPO,13- 4.4 LIMPO,13,4.4,14,14A,2025-10-30,16.27,"13-16,27"
LIMPO,13- 4.4 LIMPO,13,4.4,15,15A,2025-11-24,15.97,"13- 15,97"
LIMPO,15- 4.5 LIMPO,15,4.5,1,1A,2025-05-13,271.68,271.68
LIMPO,15- 4.5 LIMPO,15,4.5,2,2A,2025-05-21,945.2,"945,2 (3 filtros)"
LIMPO,15- 4.5 LIMPO,15,4.5,3,3A,2025-05-29,17.2,17.2
LIMPO,15- 4.5 LIMPO,15,4.5,4,4A,2025-06-12,201.03,"15- 201,03"
LIMPO,15- 4.5 LIMPO,15,4.5,5,5A,2025-06-17,289.0,"15- 289,00"
LIMPO,15- 4.5 LIMPO,15,4.5,6,6A,2025-06-26,35.74,"15- 35,74"
LIMPO,15- 4.5 LIMPO,15,4.5,7,7A,2025-07-01,88.55,"15- 88,55"
LIMPO,15- 4.5 LIMPO,15,4.5,8,8A,2025-07-10,39.48,"15- 39,48"
LIMPO,15- 4.5 LIMPO,15,4.5,9,9A,2025-07-25,119.24,"15- 119,24"
LIMPO,15- 4.5 LIMPO,15,4.5,10,10A,2025-08-08,353.1,"15- 353,10"
LIMPO,15- 4.5 LIMPO,15,4.5,11,11A,2025-08-14,58.18,"15- 58,18"
LIMPO,15- 4.5 LIMPO,15,4.5,12,12A,2025-08-19,111.82,"15- 111,82"
LIMPO,15- 4.5 LIMPO,15,4.5,13,13A,2025-09-10,30.86,"15- 30,86"
LIMPO,15- 4.5 LIMPO,15,4.5,14,14A,2025-10-30,186.65,"15- 186,65"
LIMPO,15- 4.5 LIMPO,15,4.5,15,15A,2025-11-24,24.41,"15- 24,41"
LIMPO,16- 4.6 LIMPO,16,4.6,1,1A,2025-05-13,799.1,799.1
LIMPO,16- 4.6 LIMPO,16,4.6,2,2A,2025-05-21,1364.34,"1364,34 (3 filtros)"
LIMPO,16- 4.6 LIMPO,16,4.6,3,3A,2025-05-29,64.0,64
LIMPO,16- 4.6 LIMPO,16,4.6,4,4A,2025-06-12,79.59,"16- 79,59"
LIMPO,16- 4.6 LIMPO,16,4.6,5,5A,2025-06-17,229.46,"16- 229,46"
LIMPO,16- 4.6 LIMPO,16,4.6,6,6A,2025-06-26,26.76,"16- 26,76"
LIMPO,16- 4.6 LIMPO,16,4.6,7,7A,2025-07-01,45.67,"16- 45,67"
LIMPO,16- 4.6 LIMPO,16,4.6,8,8A,2025-07-10,18.99,"16- 18,99"
LIMPO,16- 4.6 LIMPO,16,4.6,9,9A,2025-07-25,45.66,"16-45,66"
LIMPO,16- 4.6 LIMPO,16,4.6,10,10A,2025-08-08,105.67,"16- 105,67"
LIMPO,16- 4.6 LIMPO,16,4.6,11,11A,2025-08-14,15.42,"16- 15,42"
LIMPO,16- 4.6 LIMPO,16,4.6,12,12A,2025-08-19,34.76,"16- 34,76"
LIMPO,16- 4.6 LIMPO,16,4.6,13,13A,2025-09-10,8.38,"16- 8,38"
LIMPO,16- 4.6 LIMPO,16,4.6,14,14A,2025-10-30,43.84,"16- 43,84"
LIMPO,16- 4.6 LIMPO,16,4.6,15,15A,2025-11-24,8.66,"16- 8,66"
LIMPO,19- 4.7 LIMPO,19,4.7,1,1A,2025-05-13,144.9,144.9
LIMPO,19- 4.7 LIMPO,19,4.7,2,2A,2025-05-21,811.6,"811,6 (2 filtros)"
LIMPO,19- 4.7 LIMPO,19,4.7,3,3A,2025-05-29,56.86,56.86
LIMPO,19- 4.7 LIMPO,19,4.7,4,4A,2025-06-12,346.55,"19- 346,55"
LIMPO,19- 4.7 LIMPO,19,4.7,5,5A,2025-06-17,233.71,"19- 233,71"
LIMPO,19- 4.7 LIMPO,19,4.7,6,6A,2025-06-26,32.46,"19- 32,46"
LIMPO,19- 4.7 LIMPO,19,4.7,7,7A,2025-07-01,56.95,"19- 56,95"
LIMPO,19- 4.7 LIMPO,19,4.7,8,8A,2025-07-10,30.85,"19- 30,85"
LIMPO,19- 4.7 LIMPO,19,4.7,9,9A,2025-07-25,84.61,"19- 84,61"
LIMPO,19- 4.7 LIMPO,19,4.7,10,10A,2025-08-08,142.42,"19- 142,42"
LIMPO,19- 4.7 LIMPO,19,4.7,11,11A,2025-08-14,105.49,"19- 105,49"
LIMPO,19- 4.7 LIMPO,19,4.7,12,12A,2025-08-19,75.56,"19- 75,56"
LIMPO,19- 4.7 LIMPO,19,4.7,13,13A,2025-09-10,102.49,"19- 102,49"
LIMPO,19- 4.7 LIMPO,19,4.7,14,14A,2025-10-30,188.17,"19- 188,17"
LIMPO,19- 4.7 LIMPO,19,4.7,15,15A,2025-11-24,30.5,"19- 30,50"
PEDRA,5- 5.1 PEDRA,5,5.1,1,1A,2025-05-13,72.04,72.04
PEDRA,5- 5.1 PEDRA,5,5.1,2,2A,2025-05-21,581.7,"581,7 (2 filtros)"
PEDRA,5- 5.1 PEDRA,5,5.1,3,3A,2025-05-29,12.73,12.73
PEDRA,5- 5.1 PEDRA,5,5.1,4,4A,2025-06-12,77.86,"5- 77,86"
PEDRA,5- 5.1 PEDRA,5,5.1,5,5A,2025-06-17,150.72,"5- 150,72"
PEDRA,5- 5.1 PEDRA,5,5.1,6,6A,2025-06-26,17.3,"5- 17,30"
PEDRA,5- 5.1 PEDRA,5,5.1,7,7A,2025-07-01,41.72,"5- 41,72"
PEDRA,5- 5.1 PEDRA,5,5.1,8,8A,2025-07-10,16.99,"5- 16,99"
PEDRA,5- 5.1 PEDRA,5,5.1,9,9A,2025-07-25,54.15,"5- 54,15"
PEDRA,5- 5.1 PEDRA,5,5.1,10,10A,2025-08-08,114.07,"5- 114,07"
PEDRA,5- 5.1 PEDRA,5,5.1,11,11A,2025-08-14,18.88,"5- 18,88"
PEDRA,5- 5.1 PEDRA,5,5.1,12,12A,2025-08-19,60.4,"5- 60,40"
PEDRA,5- 5.1 PEDRA,5,5.1,13,13A,2025-09-10,12.2,"5- 12,20"
PEDRA,5- 5.1 PEDRA,5,5.1,14,14A,2025-10-30,46.1,"5- 46,1"
PEDRA,5- 5.1 PEDRA,5,5.1,15,15A,2025-11-24,19.25,"5- 19,25"
PEDRA,10- 5.2 PEDRA,10,5.2,1,1A,2025-05-13,23.71,23.71
PEDRA,10- 5.2 PEDRA,10,5.2,2,2A,2025-05-21,444.64,"444,64 (2 filtros)"
PEDRA,10- 5.2 PEDRA,10,5.2,3,3A,2025-05-29,6.16,6.16
PEDRA,10- 5.2 PEDRA,10,5.2,4,4A,2025-06-12,47.13,"10- 47,13"
PEDRA,10- 5.2 PEDRA,10,5.2,5,5A,2025-06-17,48.74,"10- 48,74"
PEDRA,10- 5.2 PEDRA,10,5.2,6,6A,2025-06-26,13.95,"10- 13,95"
PEDRA,10- 5.2 PEDRA,10,5.2,7,7A,2025-07-01,9.81,"10- 9,81"
PEDRA,10- 5.2 PEDRA,10,5.2,8,8A,2025-07-10,8.9,"10- 8,90"
PEDRA,10- 5.2 PEDRA,10,5.2,9,9A,2025-07-25,48.15,"10- 48,15"
PEDRA,10- 5.2 PEDRA,10,5.2,10,10A,2025-08-08,16.54,"10- 16,54"
PEDRA,10- 5.2 PEDRA,10,5.2,11,11A,2025-08-14,14.05,"10- 14,05"
PEDRA,10- 5.2 PEDRA,10,5.2,12,12A,2025-08-19,7.36,"10- 7,36"
PEDRA,10- 5.2 PEDRA,10,5.2,13,13A,2025-09-10,5.5,"10- 5,50"
PEDRA,10- 5.2 PEDRA,10,5.2,14,14A,2025-10-30,48.8,"10- 48,8"
PEDRA,10- 5.2 PEDRA,10,5.2,15,15A,2025-11-24,9.33,"10- 9,33"
