segment,hydro,degradation,time_yr,max_FI,safety_factor,max_sigma_MPa,max_tau_MPa,max_disp_lat_mm,width_m,height_m
INF,median,optimistic,0.0,6.712926213656046e-05,999.0,0.6841733626646099,0.05289332246382218,0.4307644720043445,1.5,0.36
INF,P90,optimistic,0.0,0.0028744609225797033,347.8913183841594,4.850962591185954,0.3390627765536809,3.0548106449773758,1.5,0.36
INF,P95,optimistic,0.0,0.009579693962061202,104.38746832209203,8.855985269258863,0.6189831174425059,5.576920187170752,1.5,0.36
INF,median,optimistic,0.5,7.473325569017145e-05,999.0,0.7467488401416572,0.054951369305111665,0.47728390183460967,1.5,0.36
INF,P90,optimistic,0.5,0.0033712866703154015,296.62265413532594,5.121921417591871,0.3619400118653265,3.274190036617177,1.5,0.36
INF,P95,optimistic,0.5,0.011329465859535719,88.26541448627304,9.389660640379285,0.6635053258194958,6.002358301522857,1.5,0.36
INF,median,optimistic,1.0,8.54967866472452e-05,999.0,0.6140912052688452,0.05786529759890322,0.4157026849626297,1.5,0.36
INF,P90,optimistic,1.0,0.0018660659925174138,535.8867285561275,3.8925389596930624,0.2631378605032,2.650501477448154,1.5,0.36
INF,P95,optimistic,1.0,0.0062999911424195055,158.73038189954516,7.155888490432298,0.48090554633916377,4.874932243322885,1.5,0.36
INF,median,optimistic,1.5,0.00010022371315027724,999.0,0.8452307390712831,0.06059860618005413,0.5613691089553035,1.5,0.36
INF,P90,optimistic,1.5,0.002356895829171318,424.28688940045305,4.237128205420641,0.29071329404202234,2.9084161919921665,1.5,0.36
INF,P95,optimistic,1.5,0.007689370952152726,130.04964986375626,7.680824258206502,0.5244892150313925,5.291253109679582,1.5,0.36
INF,median,optimistic,2.0,0.0001751409408861967,999.0,1.0723923046255892,0.07914212350647445,0.7108956860882628,1.5,0.36
INF,P90,optimistic,2.0,0.002933617221671101,340.87610088079646,4.586402940945498,0.32026249061428985,3.1791709282856715,1.5,0.36
INF,P95,optimistic,2.0,0.009385045934340102,106.55248860753859,8.251610910746967,0.5717926943222027,5.753608546491562,1.5,0.36
INF,median,optimistic,2.5,6.300597931225915e-05,999.0,0.5906893683760793,0.04727002761949629,0.37523525912349853,1.5,0.36
INF,P90,optimistic,2.5,0.0004230400332572108,999.0,1.7003419373070487,0.11984162167524698,1.219062972309329,1.5,0.36
INF,P95,optimistic,2.5,0.0010031431117061957,996.866736491018,2.671353722377701,0.1833803465659407,1.9574122213469298,1.5,0.36
INF,median,optimistic,3.0,0.00011218126622642008,999.0,0.7712632705466582,0.06213178894767432,0.4962288049727502,1.5,0.36
INF,P90,optimistic,3.0,0.0005337268322374683,999.0,1.844110541717623,0.1330737882794582,1.3243764393023816,1.5,0.36
INF,P95,optimistic,3.0,0.001162896020830168,859.922110049117,2.7828932540992235,0.19517206772172468,2.04900561934081,1.5,0.36
INF,median,optimistic,3.5,0.00016113073816282733,999.0,0.9024970557699362,0.07336390621701673,0.5888774754258116,1.5,0.36
INF,P90,optimistic,3.5,0.0006494117358784673,999.0,1.9727208966037058,0.1449060744210624,1.4274746823028406,1.5,0.36
INF,P95,optimistic,3.5,0.0013488124547385884,741.3929167741921,2.9091979501558134,0.20752357681095351,2.161247238320239,1.5,0.36
INF,median,optimistic,4.0,0.00023030292373607753,999.0,1.05305906021628,0.08641653151089068,0.6970076268308777,1.5,0.36
INF,P90,optimistic,4.0,0.0008124794292121551,999.0,2.1413079074940127,0.1599552033243106,1.5626068878491264,1.5,0.36
INF,P95,optimistic,4.0,0.0016175211068593818,618.2299543167163,3.093549403827242,0.2243153270083782,2.3200062412400944,1.5,0.36
INF,median,optimistic,4.5,0.0003031048140613354,999.0,1.1785124849732518,0.09768232423159678,0.7915174478543234,1.5,0.36
INF,P90,optimistic,4.5,0.0009882270193030543,999.0,2.2958690405751216,0.1740046089711086,1.6936949924937406,1.5,0.36
INF,P95,optimistic,4.5,0.0019151389501409653,522.1553245138658,3.2735755907808244,0.24079800214578087,2.483100344053226,1.5,0.36
INF,median,optimistic,5.0,0.00039774561730268544,999.0,1.316861361678045,0.11025452064931432,0.8974985027611843,1.5,0.36
INF,P90,optimistic,5.0,0.0012098160985263278,826.5719072659854,2.470179027191628,0.18988198130183745,1.8427801328676832,1.5,0.36
INF,P95,optimistic,5.0,0.0022868645020797753,437.2799521312067,3.4793481651234406,0.259565470162584,2.6699015592108712,1.5,0.36
INF,median,optimistic,5.5,0.0004888041286362432,999.0,1.423645240095182,0.12043263676290622,0.9847724936428637,1.5,0.36
INF,P90,optimistic,5.5,0.0014338269997511944,697.434209408475,2.618424368111539,0.20380744623597266,1.9788329830648295,1.5,0.36
INF,P95,optimistic,5.5,0.002673916511550551,373.98325478012765,3.6638703787622475,0.27676880737468007,2.84863591130905,1.5,0.36
INF,median,optimistic,6.0,0.0006024613140743404,999.0,1.5413317820588488,0.13174159952408007,1.0821225589613637,1.5,0.36
INF,P90,optimistic,6.0,0.0017082148170344898,585.4064664630581,2.7830313275953116,0.21931694070482743,2.1308310544487106,1.5,0.36
INF,P95,optimistic,6.0,0.003144587008913207,318.0067834553599,3.8695310125875295,0.2959528229322502,3.0484509880001416,1.5,0.36
INF,median,optimistic,6.5,0.0007167015171131512,999.0,1.639284345633144,0.141583393709211,1.1682007646475852,1.5,0.36
INF,P90,optimistic,6.5,0.0019990920907941643,500.2270803856452,2.9339515442369866,0.2338669971034171,2.278167240311443,1.5,0.36
INF,P95,optimistic,6.5,0.003656619899048951,273.4766061575308,4.066796857157787,0.3146220341797227,3.2493879065173172,1.5,0.36
INF,median,optimistic,7.0,0.0008579507218911767,999.0,1.7489550224530896,0.15263599296197347,1.2651028729518103,1.5,0.36
INF,P90,optimistic,7.0,0.002355371526332165,424.56147101227015,3.103624912398768,0.25022175058776275,2.444061911381847,1.5,0.36
INF,P95,optimistic,7.0,0.0042814295075744874,233.56684916354476,4.288971571129318,0.3356156233681138,3.47565107000813,1.5,0.36
INF,median,optimistic,7.5,0.0010149955023679453,985.2260405755874,1.8549389925866862,0.16358389604253942,1.3619997094252012,1.5,0.36
INF,P90,optimistic,7.5,0.0027644374123907698,361.7372545740399,3.2779938967276827,0.2671805913885494,2.6191886949054806,1.5,0.36
INF,P95,optimistic,7.5,0.005009050913855265,199.63861761395836,4.523176670769262,0.3578336241830223,3.7192290572007245,1.5,0.36
INF,median,optimistic,8.0,0.001211295971531935,825.562062041115,1.9759847140251117,0.17608163673160362,1.4727578956491372,1.5,0.36
INF,P90,optimistic,8.0,0.003273359752441811,305.49651600440046,3.4775777122783484,0.2865488382560872,2.819377270840174,1.5,0.36
INF,P95,optimistic,8.0,0.005912576021871618,169.13101773251302,4.791480564144848,0.38321315586562144,3.9976692241323297,1.5,0.36
INF,median,optimistic,8.5,0.0014601340807858223,684.868611149611,2.1155659859217395,0.19048620618362633,1.6005710320185587,1.5,0.36
INF,P90,optimistic,8.5,0.003915533347379905,255.39304898760577,3.708180068382046,0.3088813978146059,3.0504005259362286,1.5,0.36
INF,P95,optimistic,8.5,0.007050550135349088,141.83290392991267,5.1017256315031565,0.41248230098664806,4.319001333114189,1.5,0.36
INF,median,optimistic,9.0,0.0015120540841707633,661.3520048447324,2.06591944496105,0.19131954053485056,1.5534194921763638,1.5,0.36
INF,P90,optimistic,9.0,0.0015120540841707633,661.3520048447324,2.06591944496105,0.19131954053485056,1.5534194921763638,1.5,0.36
INF,P95,optimistic,9.0,0.0015120540841707633,661.3520048447324,2.06591944496105,0.19131954053485056,1.5534194921763638,1.5,0.36
INF,median,optimistic,9.5,0.0018356555266817124,544.7645189768722,2.219657946436156,0.20769812731078305,1.6942479338665772,1.5,0.36
INF,P90,optimistic,9.5,0.0018356555266817124,544.7645189768722,2.219657946436156,0.20769812731078305,1.6942479338665772,1.5,0.36
INF,P95,optimistic,9.5,0.0018356555266817124,544.7645189768722,2.219657946436156,0.20769812731078305,1.6942479338665772,1.5,0.36
INF,median,optimistic,10.0,0.002265753108803402,441.35435415031765,2.404747633699285,0.2273540955884823,1.863270462095049,1.5,0.36
INF,P90,optimistic,10.0,0.002265753108803402,441.35435415031765,2.404747633699285,0.2273540955884823,1.863270462095049,1.5,0.36
INF,P95,optimistic,10.0,0.002265753108803402,441.35435415031765,2.404747633699285,0.2273540955884823,1.863270462095049,1.5,0.36
INF,median,baseline,0.0,6.712926213656046e-05,999.0,0.6841733626646099,0.05289332246382218,0.4307644720043445,1.5,0.36
INF,P90,baseline,0.0,0.0028744609225797033,347.8913183841594,4.850962591185954,0.3390627765536809,3.0548106449773758,1.5,0.36
INF,P95,baseline,0.0,0.009579693962061202,104.38746832209203,8.855985269258863,0.6189831174425059,5.576920187170752,1.5,0.36
INF,median,baseline,0.5,7.70092221630419e-05,999.0,0.7467488401415028,0.05495136930511149,0.4844971242829834,1.5,0.36
INF,P90,baseline,0.5,0.003473957634685067,287.8561298548062,5.121921417591075,0.361940011865432,3.3236730822040657,1.5,0.36
INF,P95,baseline,0.5,0.011674499462226076,85.65677725504143,9.389660640377771,0.6635053258193901,6.093072330379279,1.5,0.36
INF,median,baseline,1.0,9.078361267417789e-05,999.0,0.6140912052681904,0.05786529759888471,0.4283627164960808,1.5,0.36
INF,P90,baseline,1.0,0.001981457069114226,504.6791149742304,3.8925389596894573,0.2631378605030925,2.731221264684964,1.5,0.36
INF,P95,baseline,1.0,0.006689560837915776,149.4866440756616,7.155888490425026,0.4809055463385104,5.023396032844611,1.5,0.36
INF,median,baseline,1.5,0.00010966220954656561,999.0,0.8452307390713971,0.060598606180084266,0.5872077276594854,1.5,0.36
INF,P90,baseline,1.5,0.002578854805651975,387.76901972470074,4.2371282054210315,0.2907132940420785,3.0422843650339635,1.5,0.36
INF,P95,baseline,1.5,0.008413511953730383,118.85643064387874,7.680824258208188,0.5244892150319546,5.534798166554454,1.5,0.36
INF,median,baseline,2.0,0.0001974708594317448,999.0,1.0723923046253103,0.07914212350645991,0.754855020269662,1.5,0.36
INF,P90,baseline,2.0,0.003307644181167762,302.329980260135,4.586402940943857,0.32026249061399925,3.3757598793669716,1.5,0.36
INF,P95,baseline,2.0,0.010581609742884418,94.50357972920406,8.251610910744354,0.5717926943218541,6.1093918291781435,1.5,0.36
INF,median,baseline,2.5,7.320250426166008e-05,999.0,0.5906893683763765,0.04727002761951129,0.40446013866249886,1.5,0.36
INF,P90,baseline,2.5,0.0004915023966840997,999.0,1.7003419373079356,0.11984162167536726,1.3140086567831282,1.5,0.36
INF,P95,baseline,2.5,0.0011654860175373573,858.0111515305648,2.671353722379111,0.1833803465659407,2.109863610138679,1.5,0.36
INF,median,baseline,3.0,0.00013430535974326765,999.0,0.7712632705467073,0.062131788947674314,0.5429607972350441,1.5,0.36
INF,P90,baseline,3.0,0.0006389870307189886,999.0,1.8441105417178414,0.1330737882794894,1.4490986418299912,1.5,0.36
INF,P95,baseline,3.0,0.0013922393076401013,718.2673226595205,2.7828932540991267,0.19517206772147516,2.2419692558505684,1.5,0.36
INF,median,baseline,3.5,0.00019878345645587064,999.0,0.9024970557697651,0.07336390621696819,0.6540724601547354,1.5,0.36
INF,P90,baseline,3.5,0.0008011650104304254,999.0,1.9727208966030345,0.1449060744209328,1.5855112756474636,1.5,0.36
INF,P95,baseline,3.5,0.0016640003324065599,600.9614184113475,2.909197950155419,0.2075235768108887,2.400520239203604,1.5,0.36
INF,median,baseline,4.0,0.0002927723961162774,999.0,1.0530590602170744,0.08641653151092436,0.7858739047792056,1.5,0.36
INF,P90,baseline,4.0,0.001032863784039687,968.1818797913973,2.1413079074955053,0.1599552033243106,1.7618343463073753,1.5,0.36
INF,P95,baseline,4.0,0.002056272332723444,486.31690661107285,3.0935494038298468,0.22431532700844564,2.6157997326445233,1.5,0.36
INF,median,baseline,4.5,0.00039705653126641987,999.0,1.178512484972898,0.09768232423159678,0.9059208345247303,1.5,0.36
INF,P90,baseline,4.5,0.00129454226454192,772.473813633157,2.295869040574718,0.1740046089711789,1.9384962203798546,1.5,0.36
INF,P95,baseline,4.5,0.0025087639428951103,398.6026675933493,3.273575590779262,0.24079800214556987,2.8419996830030887,1.5,0.36
INF,median,baseline,5.0,0.0005369004246916787,999.0,1.3168613616791307,0.11025452064940618,1.0427444933061707,1.5,0.36
INF,P90,baseline,5.0,0.0016330809161455137,612.3395296053391,2.4701790271939457,0.18988198130198447,2.1410050601867368,1.5,0.36
INF,P95,baseline,5.0,0.0030869441898751684,323.94495607659127,3.4793481651267357,0.259565470163025,3.1019830562072332,1.5,0.36
INF,median,baseline,5.5,0.0006799109639947189,999.0,1.423645240095407,0.12043263676292547,1.1614339024987763,1.5,0.36
INF,P90,baseline,5.5,0.001994407658386756,501.40200565058194,2.618424368112323,0.20380744623608815,2.333822003306045,1.5,0.36
INF,P95,baseline,5.5,0.003719332645741639,268.8654377674248,3.6638703787635167,0.27676880737475706,3.359661591512404,1.5,0.36
INF,median,baseline,6.0,0.0008635255225990188,999.0,1.5413317820595538,0.13174159952420145,1.2955359166150824,1.5,0.36
INF,P90,baseline,6.0,0.002448434543646085,408.4242327797134,2.7830313275966256,0.21931694070494878,2.551067936266536,1.5,0.36
INF,P95,baseline,6.0,0.004507229056524611,221.86580434655565,3.8695310125892517,0.29595282293241204,3.6496584534615573,1.5,0.36
INF,median,baseline,6.5,0.0010585543757236893,944.6845839320648,1.6392843456340793,0.14158339370927495,1.4197272237030232,1.5,0.36
INF,P90,baseline,6.5,0.002952620623311003,338.68218358463616,2.933951544239164,0.23386699710363026,2.7686816762135757,1.5,0.36
INF,P95,baseline,6.5,0.005400757361433019,185.15921621308743,4.0667968571608455,0.31462203417997847,3.949016822160308,1.5,0.36
INF,median,baseline,7.0,0.0013057680153327866,765.832818890989,1.7489550224522448,0.1526359929619284,1.5607296579478254,1.5,0.36
INF,P90,baseline,7.0,0.0035847849122724457,278.9567643449174,3.103624912396858,0.2502217505876274,3.015185557245746,1.5,0.36
INF,P95,baseline,7.0,0.006516171113615565,153.46435545722488,4.2889715711269805,0.3356156233680236,4.287834469131429,1.5,0.36
INF,median,baseline,7.5,0.0015918298145823307,628.2078591814685,1.8549389925874749,0.16358389604258725,1.705663175560589,1.5,0.36
INF,P90,baseline,7.5,0.004335500879881949,230.6538570065355,3.2779938967295315,0.2671805913886929,3.280069500624344,1.5,0.36
INF,P95,baseline,7.5,0.007855755585944202,127.2952027414442,4.523176670771157,0.357833624183118,4.657675035055127,1.5,0.36
INF,median,baseline,8.0,0.001957544413071542,510.84409289642673,1.9759847140246047,0.17608163673157806,1.8722422234726892,1.5,0.36
INF,P90,baseline,8.0,0.00528999290508758,189.03617035823686,3.4775777122775904,0.2865488382560361,3.584130959990296,1.5,0.36
INF,P95,baseline,8.0,0.009555162759956368,104.65546481225678,4.791480564143353,0.3832131558654173,5.082033604443202,1.5,0.36
INF,median,baseline,8.5,0.002431548428173573,411.2605730625474,2.1155659859207607,0.19048620618365367,2.0654754883001614,1.5,0.36
INF,P90,baseline,8.5,0.006520503206906506,153.36239677649445,3.708180068380443,0.30888139781455115,3.9364248070099146,1.5,0.36
INF,P95,baseline,8.5,0.011741219059914269,85.17003174006888,5.101725631501293,0.4124823009865387,5.573505460880946,1.5,0.36
INF,median,baseline,9.0,0.0025946951844261377,385.4017250281241,2.065919444958998,0.1913195405346442,2.0349243118256553,1.5,0.36
INF,P90,baseline,9.0,0.0025946951844261377,385.4017250281241,2.065919444958998,0.1913195405346442,2.0349243118256553,1.5,0.36
INF,P95,baseline,9.0,0.0025946951844261377,385.4017250281241,2.065919444958998,0.1913195405346442,2.0349243118256553,1.5,0.36
INF,median,baseline,9.5,0.0032459291856115242,308.0781935825266,2.2196579464354738,0.20769812731071902,2.2529465686784547,1.5,0.36
INF,P90,baseline,9.5,0.0032459291856115242,308.0781935825266,2.2196579464354738,0.20769812731071902,2.2529465686784547,1.5,0.36
INF,P95,baseline,9.5,0.0032459291856115242,308.0781935825266,2.2196579464354738,0.20769812731071902,2.2529465686784547,1.5,0.36
INF,median,baseline,10.0,0.0041284713365942,242.22040519844185,2.4047476337005245,0.2273540955884823,2.5151520441566215,1.5,0.36
INF,P90,baseline,10.0,0.0041284713365942,242.22040519844185,2.4047476337005245,0.2273540955884823,2.5151520441566215,1.5,0.36
INF,P95,baseline,10.0,0.0041284713365942,242.22040519844185,2.4047476337005245,0.2273540955884823,2.5151520441566215,1.5,0.36
INF,median,pessimistic,0.0,6.712926213656046e-05,999.0,0.6841733626646099,0.05289332246382218,0.4307644720043445,1.5,0.36
INF,P90,pessimistic,0.0,0.0028744609225797033,347.8913183841594,4.850962591185954,0.3390627765536809,3.0548106449773758,1.5,0.36
INF,P95,pessimistic,0.0,0.009579693962061202,104.38746832209203,8.855985269258863,0.6189831174425059,5.576920187170752,1.5,0.36
INF,median,pessimistic,0.5,8.01520281395204e-05,999.0,0.7467488401419762,0.054951369305128554,0.49428461543289387,1.5,0.36
INF,P90,pessimistic,0.5,0.003615732535272696,276.5691295594077,5.121921417594385,0.3619400118656433,3.390815732277394,1.5,0.36
INF,P95,pessimistic,0.5,0.012150944823604334,82.29812697835706,9.389660640383712,0.6635053258198126,6.2161605563364635,1.5,0.36
INF,median,pessimistic,1.0,9.834471356681035e-05,999.0,0.614091205268813,0.05786529759890333,0.44584453059181967,1.5,0.36
INF,P90,pessimistic,1.0,0.0021464868181298134,465.87754071151386,3.8925389596929847,0.2631378605032,2.8426845189898846,1.5,0.36
INF,P95,pessimistic,1.0,0.007246714744155382,137.99356471241256,7.155888490431695,0.480905546339055,5.228404714024411,1.5,0.36
INF,median,pessimistic,1.5,0.00012364379600082856,999.0,0.8452307390709611,0.060598606180094446,0.6235186256423892,1.5,0.36
INF,P90,pessimistic,1.5,0.002907650674049079,343.92026832007286,4.237128205418249,0.2907132940418537,3.230408723775045,1.5,0.36
INF,P95,pessimistic,1.5,0.009486208238535172,105.41619737354792,7.680824258202772,0.52448921503128,5.877050970996932,1.5,0.36
INF,median,pessimistic,2.0,0.0002317342002474272,999.0,1.072392304625557,0.07914212350648894,0.8177246814278156,1.5,0.36
INF,P90,pessimistic,2.0,0.0038815564039745717,257.62861489685855,4.5864029409444,0.3202624906140574,3.6569170208949777,1.5,0.36
INF,P95,pessimistic,2.0,0.012417634065872258,80.53063850128495,8.251610910745931,0.5717926943219702,6.618225159909114,1.5,0.36
INF,median,pessimistic,2.5,8.940974060942601e-05,999.0,0.5906893683764142,0.04727002761951129,0.44699758277067525,1.5,0.36
INF,P90,pessimistic,2.5,0.0006003223829525617,999.0,1.7003419373082898,0.11984162167539736,1.4522041535764652,1.5,0.36
INF,P95,pessimistic,2.5,0.0014235278364182478,702.4801162414286,2.671353722379225,0.18338034656600083,2.3317599030315312,1.5,0.36
INF,median,pessimistic,3.0,0.00017073557445731617,999.0,0.7712632705471159,0.0621317889476899,0.6121865894137746,1.5,0.36
INF,P90,pessimistic,3.0,0.0008123117198690007,999.0,1.8441105417186774,0.13307378827958294,1.6338541562918498,1.5,0.36
INF,P95,pessimistic,3.0,0.0017698830368846892,565.0090876966531,2.782893254100472,0.1951720677216623,2.5278132773101647,1.5,0.36
INF,median,pessimistic,3.5,0.00026301631743657846,999.0,0.9024970557701029,0.07336390621701673,0.7523624134704507,1.5,0.36
INF,P90,pessimistic,3.5,0.0010600453099038319,943.3559024856407,1.9727208966039986,0.1449060744210624,1.8237720781708144,1.5,0.36
INF,P95,pessimistic,3.5,0.0022016884475489487,454.1968692769678,2.909197950156579,0.20752357681101832,2.7612555347836305,1.5,0.36
INF,median,pessimistic,4.0,0.000403184995322393,999.0,1.0530590602160306,0.08641653151087382,0.9222315704863099,1.5,0.36
INF,P90,pessimistic,4.0,0.001422385393776901,703.044339723337,2.141307907493324,0.15995520332424312,2.0675317582766013,1.5,0.36
INF,P95,pessimistic,4.0,0.0028317497204255414,353.1385534487578,3.0935494038267195,0.22431532700831075,3.0696694225931043,1.5,0.36
INF,median,pessimistic,4.5,0.00056911280550806,999.0,1.1785124849733961,0.09768232423164949,1.0845841527070408,1.5,0.36
INF,P90,pessimistic,4.5,0.0018555055061596241,538.9366922816195,2.2958690405754885,0.1740046089711789,2.3208013333852326,1.5,0.36
INF,P95,pessimistic,4.5,0.0035958851535475155,278.09564468805445,3.2735755907816344,0.24079800214585118,3.4024913664786527,1.5,0.36
INF,median,pessimistic,5.0,0.0008009613137269968,999.0,1.3168613616773666,0.11025452064925921,1.2736110001786374,1.5,0.36
INF,P90,pessimistic,5.0,0.0024362704439450243,410.4634616757537,2.4701790271902566,0.18988198130169048,2.6150294857433383,1.5,0.36
INF,P95,pessimistic,5.0,0.0046051795826785105,217.14679787109844,3.479348165121493,0.25956547016251047,3.788770660612453,1.5,0.36
INF,median,pessimistic,5.5,0.0010557026617392933,947.2364106314539,1.42364524009525,0.12043263676290622,1.4472357600188526,1.5,0.36
INF,P90,pessimistic,5.5,0.0030967311678293903,322.9211532433201,2.6184243681117274,0.20380744623601113,2.908121291652182,1.5,0.36
INF,P95,pessimistic,5.5,0.005775034647085163,173.15913429276665,3.6638703787627653,0.27676880737468007,4.18639613183134,1.5,0.36
INF,median,pessimistic,6.0,0.001395521492711241,716.5779998537926,1.5413317820594772,0.13174159952414075,1.6469489332075282,1.5,0.36
INF,P90,pessimistic,6.0,0.003956852391430964,252.72613205527182,2.783031327596824,0.21931694070494878,3.2430429463905135,1.5,0.36
INF,P95,pessimistic,6.0,0.007284017503065193,137.28687493943957,3.8695310125889484,0.2959528229323311,4.639625207925626,1.5,0.36
INF,median,pessimistic,6.5,0.0017805177286779102,561.6343964979956,1.6392843456338189,0.14158339370931758,1.841286951278012,1.5,0.36
INF,P90,pessimistic,6.5,0.004966389527476324,201.35351737263974,2.9339515442385196,0.23386699710354497,3.5907865662799074,1.5,0.36
INF,P95,pessimistic,6.5,0.009084223211244125,110.08095868474874,4.066796857159983,0.31462203417997847,5.121598729406559,1.5,0.36
INF,median,pessimistic,7.0,0.0022859721562133953,437.4506475426423,1.7489550224535773,0.15263599296206365,2.0650479394317656,1.5,0.36
INF,P90,pessimistic,7.0,0.0062757843654029834,159.3426322154693,3.1036249123995336,0.25022175058785284,3.9894819005244235,1.5,0.36
INF,P95,pessimistic,7.0,0.011407681575848675,87.66023081474422,4.288971571130822,0.33561562336829415,5.673361616480497,1.5,0.36
INF,median,pessimistic,7.5,0.002900503032175334,344.7677830041829,1.8549389925884512,0.16358389604265902,2.3024044602902514,1.5,0.36
INF,P90,pessimistic,7.5,0.007899797662348988,126.5855206350503,3.2779938967313202,0.2671805913887886,4.427630704882401,1.5,0.36
INF,P95,pessimistic,7.5,0.014314119944438713,69.86108848336971,4.52317667077361,0.35783362418330944,6.287203668900529,1.5,0.36
INF,median,pessimistic,8.0,0.003712445549786855,269.3642200509617,1.9759847140261895,0.1760816367317312,2.5783167475083038,1.5,0.36
INF,P90,pessimistic,8.0,0.010032370396171497,99.6773404998698,3.4775777122805387,0.2865488382562403,4.935806256022323,1.5,0.36
INF,P95,pessimistic,8.0,0.018121183472941657,55.184033730092104,4.791480564147392,0.38321315586582566,6.9986095759720905,1.5,0.36
INF,median,pessimistic,8.5,0.0047995792972214514,208.35159460307594,2.115565985922675,0.1904862061838451,2.9018848106580073,1.5,0.36
INF,P90,pessimistic,8.5,0.012870676083063894,77.69599619680179,3.708180068383821,0.3088813978147153,5.530470548047938,1.5,0.36
INF,P95,pessimistic,8.5,0.02317573085164161,43.14858531976638,5.101725631506005,0.4124823009868669,7.830483068264135,1.5,0.36
INF,median,pessimistic,9.0,0.005330627958396093,187.59515910783713,2.065919444962186,0.19131954053488007,2.9167168725476977,1.5,0.36
INF,P90,pessimistic,9.0,0.005330627958396093,187.59515910783713,2.065919444962186,0.19131954053488007,2.9167168725476977,1.5,0.36
INF,P95,pessimistic,9.0,0.005330627958396093,187.59515910783713,2.065919444962186,0.19131954053488007,2.9167168725476977,1.5,0.36
INF,median,pessimistic,9.5,0.006940693191011843,144.0778280323634,2.2196579464357367,0.207698127310751,3.294449048197213,1.5,0.36
INF,P90,pessimistic,9.5,0.006940693191011843,144.0778280323634,2.2196579464357367,0.207698127310751,3.294449048197213,1.5,0.36
INF,P95,pessimistic,9.5,0.006940693191011843,144.0778280323634,2.2196579464357367,0.207698127310751,3.294449048197213,1.5,0.36
INF,median,pessimistic,10.0,0.009188081931697702,108.83664375587776,2.4047476336993614,0.2273540955884823,3.7521659377936256,1.5,0.36
INF,P90,pessimistic,10.0,0.009188081931697702,108.83664375587776,2.4047476336993614,0.2273540955884823,3.7521659377936256,1.5,0.36
INF,P95,pessimistic,10.0,0.009188081931697702,108.83664375587776,2.4047476336993614,0.2273540955884823,3.7521659377936256,1.5,0.36
MED,median,optimistic,0.0,0.00031865601292149884,999.0,1.7377127051163592,0.11006536252662676,1.6285375660140713,3.0,0.76
MED,P90,optimistic,0.0,0.022282703542463082,44.87785775609983,14.531179202478791,0.9203935162303168,13.618229952536028,3.0,0.76
MED,P95,optimistic,0.0,0.07150264010725264,13.985497577432364,26.030227052152235,1.6487342060110277,24.39482802968019,3.0,0.76
MED,median,optimistic,0.5,0.0002864214473091378,999.0,1.6511344884116246,0.10158510992023213,1.6096882739880642,3.0,0.76
MED,P90,optimistic,0.5,0.017162338798684427,58.2671168382164,12.98101576410155,0.8038114004311782,12.834149754389669,3.0,0.76
MED,P95,optimistic,0.5,0.054926840311303966,18.206035416062328,23.21824502161542,1.443401939545713,22.97612588555763,3.0,0.76
MED,median,optimistic,1.0,0.0008808578437738161,999.0,2.5265180662848015,0.1828122739740214,2.260141940156949,3.0,0.76
MED,P90,optimistic,1.0,0.015341397308889618,65.18311076009661,12.077324332736627,0.7235614869839796,12.251200120520798,3.0,0.76
MED,P95,optimistic,1.0,0.04412681011733796,22.661959868408612,20.774778639165913,1.2163342026715214,21.34957041223255,3.0,0.76
MED,median,optimistic,1.5,0.0020294138598394174,492.75311447765887,3.5343452189273887,0.27637462615764896,3.032815689875642,3.0,0.76
MED,P90,optimistic,1.5,0.013420317070219177,74.51388776939443,10.902582079354385,0.6719178709419427,11.154996192311236,3.0,0.76
MED,P95,optimistic,1.5,0.033105022615105034,30.206896748764756,17.669107463944684,1.0351599134049605,18.61389600633883,3.0,0.76
MED,median,optimistic,2.0,0.005503865572678938,181.69048404161194,5.709188484781872,0.44806491046147273,4.978334998304277,3.0,0.76
MED,P90,optimistic,2.0,0.020835774297562247,47.99437667728041,12.882272695654285,0.8373350120554591,13.004894048741964,3.0,0.76
MED,P95,optimistic,2.0,0.044435792046427204,22.504381129409925,19.555016413513762,1.1994525543283443,20.471580609965578,3.0,0.76
MED,median,optimistic,2.5,0.006888738869396008,145.16445157220457,6.1313508107591765,0.49502662106168915,5.338834144229394,3.0,0.76
MED,P90,optimistic,2.5,0.016512733091144288,60.55932682254132,10.921721508156857,0.7420604404550555,10.973660244108636,3.0,0.76
MED,P95,optimistic,2.5,0.029756964961067986,33.60557776333483,15.430210788940876,0.9745579645684668,16.276914350139116,3.0,0.76
MED,median,optimistic,3.0,0.011423924917283213,87.53558932159154,7.903850053675245,0.6257301897006755,7.171640018543214,3.0,0.76
MED,P90,optimistic,3.0,0.023717113755480378,42.16364648370956,12.735761326795181,0.8776107780175312,12.941227510675043,3.0,0.76
MED,P95,optimistic,3.0,0.04006153989027683,24.9615966520225,17.361997719584263,1.1187698304999356,18.465227046007435,3.0,0.76
MED,median,optimistic,3.5,0.013374465607275045,74.76934251907977,8.175782833612338,0.6690574092138213,7.372530379972488,3.0,0.76
MED,P90,optimistic,3.5,0.019655550823503575,50.87621349202929,10.783083808236146,0.7985455921274769,10.6388099593946,3.0,0.76
MED,P95,optimistic,3.5,0.027130090957817328,36.85944147975138,13.321574774348965,0.9246164162259773,13.818888241826814,3.0,0.76
MED,median,optimistic,4.0,0.018513330589396644,54.01513224058893,9.435661778796721,0.7749862948074664,8.68412386846265,3.0,0.76
MED,P90,optimistic,4.0,0.024358632934097717,41.053206996693945,11.516455005345158,0.8794413866396048,11.330219473335891,3.0,0.76
MED,P95,optimistic,4.0,0.0302463668767926,33.0618220718363,13.337149078575436,0.9708395919933497,13.645553127599984,3.0,0.76
MED,median,optimistic,4.5,0.025409070666194893,39.35602419849359,10.978083285593314,0.8922432282245222,10.458978386849449,3.0,0.76
MED,P90,optimistic,4.5,0.03259783945030984,30.676879721563726,13.114518090356066,1.0006455359420827,13.216892057976311,3.0,0.76
MED,P95,optimistic,4.5,0.03974048481120763,25.163256179451025,14.983898544524793,1.0954975551957216,15.630066520212308,3.0,0.76
MED,median,optimistic,5.0,0.03455204684140903,28.94184545968913,12.66800890606695,1.0228698964407872,12.440448668048814,3.0,0.76
MED,P90,optimistic,5.0,0.04339840771330397,23.042320045614154,14.873190872453042,1.1359608551696032,15.330129470048954,3.0,0.76
MED,P95,optimistic,5.0,0.05208900718663179,19.197908618550933,16.802725093040667,1.2349154440571701,17.85860017179909,3.0,0.76
MED,median,optimistic,5.5,0.04230334468610972,23.638792805154942,13.699714298243915,1.1148972349450204,13.686923389517613,3.0,0.76
MED,P90,optimistic,5.5,0.052666295499561096,18.987475585943457,15.984164046412344,1.2333065638208223,16.72571883504923,3.0,0.76
MED,P95,optimistic,5.5,0.06280043418863979,15.923456786878296,17.983057576058062,1.33691472658661,19.384664849889383,3.0,0.76
MED,median,optimistic,6.0,0.047358526147015946,21.11552198427125,13.858398735802334,1.1659239883280073,13.756166345286612,3.0,0.76
MED,P90,optimistic,6.0,0.047358526147015946,21.11552198427125,13.858398735802334,1.1659239883280073,13.756166345286612,3.0,0.76
MED,P95,optimistic,6.0,0.047358526147015946,21.11552198427125,13.858398735802334,1.1659239883280073,13.756166345286612,3.0,0.76
MED,median,optimistic,6.5,0.056747130927250984,17.622036280247997,14.840099858994956,1.2570354971254738,15.004544824696454,3.0,0.76
MED,P90,optimistic,6.5,0.056747130927250984,17.622036280247997,14.840099858994956,1.2570354971254738,15.004544824696454,3.0,0.76
MED,P95,optimistic,6.5,0.056747130927250984,17.622036280247997,14.840099858994956,1.2570354971254738,15.004544824696454,3.0,0.76
MED,median,optimistic,7.0,0.06840095723856156,14.619678442690601,15.936518334054233,1.359321232924581,16.40968017684202,3.0,0.76
MED,P90,optimistic,7.0,0.06840095723856156,14.619678442690601,15.936518334054233,1.359321232924581,16.40968017684202,3.0,0.76
MED,P95,optimistic,7.0,0.06840095723856156,14.619678442690601,15.936518334054233,1.359321232924581,16.40968017684202,3.0,0.76
MED,median,optimistic,7.5,0.08118879394823615,12.316970746450227,16.955630149601397,1.458998360161254,17.75046871366509,3.0,0.76
MED,P90,optimistic,7.5,0.08118879394823615,12.316970746450227,16.955630149601397,1.458998360161254,17.75046871366509,3.0,0.76
MED,P95,optimistic,7.5,0.08118879394823615,12.316970746450227,16.955630149601397,1.458998360161254,17.75046871366509,3.0,0.76
MED,median,optimistic,8.0,0.09720270298473534,10.287779756053075,18.117874880650053,1.5727649845665133,19.282994950407343,3.0,0.76
MED,P90,optimistic,8.0,0.09720270298473534,10.287779756053075,18.117874880650053,1.5727649845665133,19.282994950407343,3.0,0.76
MED,P95,optimistic,8.0,0.09720270298473534,10.287779756053075,18.117874880650053,1.5727649845665133,19.282994950407343,3.0,0.76
MED,median,optimistic,8.5,0.11753901733048495,8.507813173121022,19.456310130260295,1.703866595813114,21.051443202243558,3.0,0.76
MED,P90,optimistic,8.5,0.11753901733048495,8.507813173121022,19.456310130260295,1.703866595813114,21.051443202243558,3.0,0.76
MED,P95,optimistic,8.5,0.11753901733048495,8.507813173121022,19.456310130260295,1.703866595813114,21.051443202243558,3.0,0.76
MED,median,optimistic,9.0,0.1437874392247189,6.954710407194505,21.015075281486762,1.8566360795557613,23.11479231433213,3.0,0.76
MED,P90,optimistic,9.0,0.1437874392247189,6.954710407194505,21.015075281486762,1.8566360795557613,23.11479231433213,3.0,0.76
MED,P95,optimistic,9.0,0.1437874392247189,6.954710407194505,21.015075281486762,1.8566360795557613,23.11479231433213,3.0,0.76
MED,median,optimistic,9.5,0.1745339016850552,5.7295458953555665,22.579002269166377,2.0156224195585564,25.21031139200894,3.0,0.76
MED,P90,optimistic,9.5,0.1745339016850552,5.7295458953555665,22.579002269166377,2.0156224195585564,25.21031139200894,3.0,0.76
MED,P95,optimistic,9.5,0.1745339016850552,5.7295458953555665,22.579002269166377,2.0156224195585564,25.21031139200894,3.0,0.76
MED,median,optimistic,10.0,0.21539566711928296,4.642618922534847,24.461848074704385,2.206419171415418,27.7253568488861,3.0,0.76
MED,P90,optimistic,10.0,0.21539566711928296,4.642618922534847,24.461848074704385,2.206419171415418,27.7253568488861,3.0,0.76
MED,P95,optimistic,10.0,0.21539566711928296,4.642618922534847,24.461848074704385,2.206419171415418,27.7253568488861,3.0,0.76
MED,median,baseline,0.0,0.00031865601292149884,999.0,1.7377127051163592,0.11006536252662676,1.6285375660140713,3.0,0.76
MED,P90,baseline,0.0,0.022282703542463082,44.87785775609983,14.531179202478791,0.9203935162303168,13.618229952536028,3.0,0.76
MED,P95,baseline,0.0,0.07150264010725264,13.985497577432364,26.030227052152235,1.6487342060110277,24.39482802968019,3.0,0.76
MED,median,baseline,0.5,0.0002951442789988336,999.0,1.6511344884053756,0.10158510991980974,1.6340155968779486,3.0,0.76
MED,P90,baseline,0.5,0.017685009828196152,56.54506328889039,12.981015764050474,0.8038114004282214,13.028113088867345,3.0,0.76
MED,P95,baseline,0.5,0.056599611634191395,17.667965753247458,23.218245021525476,1.443401939541489,23.323365560598592,3.0,0.76
MED,median,baseline,1.0,0.0009353270508254915,999.0,2.526518066277174,0.18281227397358588,2.3289735096054036,3.0,0.76
MED,P90,baseline,1.0,0.016290056337566514,61.38714190287354,12.077324332696504,0.7235614869822372,12.624304710520537,3.0,0.76
MED,P95,baseline,1.0,0.046855459664669634,21.34223006575323,20.774778639093014,1.2163342026676012,21.999761629171783,3.0,0.76
MED,median,baseline,1.5,0.0022205324564387673,450.34243795912545,3.534345218934978,0.27637462615809877,3.1724097055870266,3.0,0.76
MED,P90,baseline,1.5,0.014684165817456933,68.10056576800386,10.902582079381327,0.6719178709430669,11.668436794364801,3.0,0.76
MED,P95,baseline,1.5,0.03622266440710782,27.60702494882663,17.669107463987768,1.035159913407434,19.470653804126478,3.0,0.76
MED,median,baseline,2.0,0.006205591104714541,161.14500345346235,5.7091884847838665,0.4480649104615889,5.28617804214632,3.0,0.76
MED,P90,baseline,2.0,0.023492269920753657,42.56719352252015,12.88227269565941,0.8373350120561566,13.80907178490712,3.0,0.76
MED,P95,baseline,2.0,0.05010121562987417,19.959595539309102,19.555016413524218,1.1994525543297392,21.73747245721495,3.0,0.76
MED,median,baseline,2.5,0.008003572707694223,124.94420136130599,6.131350810765663,0.4950266210621706,5.7546447082751655,3.0,0.76
MED,P90,baseline,2.5,0.019185058746365967,52.12389564297894,10.921721508170254,0.7420604404557775,11.828334454334716,3.0,0.76
MED,P95,baseline,2.5,0.03457266085145413,28.924588833258404,15.430210788960148,0.9745579645684668,17.544628003346958,3.0,0.76
MED,median,baseline,3.0,0.013676921265928866,73.11587019888319,7.903850053664253,0.6257301896996773,7.847024080272724,3.0,0.76
MED,P90,baseline,3.0,0.028394540391050417,35.21803791249908,12.735761326773973,0.8776107780150354,14.159958341744318,3.0,0.76
MED,P95,baseline,3.0,0.04796237114977436,20.84967811281166,17.361997719554992,1.1187698304964413,20.204176576498604,3.0,0.76
MED,median,baseline,3.5,0.016499784783306916,60.606851127641086,8.175782833599968,0.6690574092131734,8.188747718188935,3.0,0.76
MED,P90,baseline,3.5,0.024248621807254334,41.2394571513683,10.783083808218164,0.7985455921264399,11.81663910343465,3.0,0.76
MED,P95,baseline,3.5,0.033469797979189704,29.8776825788361,13.321574774326338,0.924616416224681,15.348785793487416,3.0,0.76
MED,median,baseline,4.0,0.02353505578146513,42.48980793950542,9.435661778813524,0.7749862948086805,9.791322320436667,3.0,0.76
MED,P90,baseline,4.0,0.03096589142056079,32.29359640962954,11.516455005366467,0.8794413866409537,12.77478678391492,3.0,0.76
MED,P95,baseline,4.0,0.038450668192524524,26.00735037926902,13.33714907860039,0.9708395919944289,15.38531818945842,3.0,0.76
MED,median,baseline,4.5,0.03328497929888112,30.043581851757832,10.978083285601677,0.8922432282243814,11.970685490500756,3.0,0.76
MED,P90,baseline,4.5,0.04270201085062862,23.418100929672704,13.114518090366152,1.0006455359420827,15.127219135174906,3.0,0.76
MED,P95,baseline,4.5,0.05205862235758167,19.209113778139823,14.983898544536618,1.0954975551954402,17.889186074264796,3.0,0.76
MED,median,baseline,5.0,0.04664038474904103,21.44064645651451,12.668008906129685,1.0228698964449037,14.45373925752187,3.0,0.76
MED,P90,baseline,5.0,0.058581722887081224,17.070170536423838,14.873190872528115,1.1359608551743077,17.81106936385758,3.0,0.76
MED,P95,baseline,5.0,0.07031280512944955,14.222160503466583,16.802725093128608,1.234915444063051,20.74873320690129,3.0,0.76
MED,median,baseline,5.5,0.05884260418586012,16.994489177287296,13.69971429824991,1.1148972349456365,16.142263261934364,3.0,0.76
MED,P90,baseline,5.5,0.07325713848418189,13.650546836687129,15.984164046419178,1.2333065638211302,19.726197699567322,3.0,0.76
MED,P95,baseline,5.5,0.08735340241008993,11.447751002363853,17.983057576065338,1.33691472658661,22.862140332496157,3.0,0.76
MED,median,baseline,6.0,0.06788036855710036,14.731799800980882,13.858398735849704,1.1659239883309203,16.469121198640835,3.0,0.76
MED,P90,baseline,6.0,0.06788036855710036,14.731799800980882,13.858398735849704,1.1659239883309203,16.469121198640835,3.0,0.76
MED,P95,baseline,6.0,0.06788036855710036,14.731799800980882,13.858398735849704,1.1659239883309203,16.469121198640835,3.0,0.76
MED,median,baseline,6.5,0.08381442248781203,11.931120806152618,14.840099859018217,1.2570354971278614,18.235188172763298,3.0,0.76
MED,P90,baseline,6.5,0.08381442248781203,11.931120806152618,14.840099859018217,1.2570354971278614,18.235188172763298,3.0,0.76
MED,P95,baseline,6.5,0.08381442248781203,11.931120806152618,14.840099859018217,1.2570354971278614,18.235188172763298,3.0,0.76
MED,median,baseline,7.0,0.10410362728457959,9.605813227490927,15.936518334030772,1.359321232924581,20.244262405033663,3.0,0.76
MED,P90,baseline,7.0,0.10410362728457959,9.605813227490927,15.936518334030772,1.359321232924581,20.244262405033663,3.0,0.76
MED,P95,baseline,7.0,0.10410362728457959,9.605813227490927,15.936518334030772,1.359321232924581,20.244262405033663,3.0,0.76
MED,median,baseline,7.5,0.12732937487419224,7.853647290643261,16.95563014959483,1.4589983601608711,22.229315193159906,3.0,0.76
MED,P90,baseline,7.5,0.12732937487419224,7.853647290643261,16.95563014959483,1.4589983601608711,22.229315193159906,3.0,0.76
MED,P95,baseline,7.5,0.12732937487419224,7.853647290643261,16.95563014959483,1.4589983601608711,22.229315193159906,3.0,0.76
MED,median,baseline,8.0,0.15708680011799744,6.365907251588544,18.11787488067382,1.5727649845685545,24.5134909463903,3.0,0.76
MED,P90,baseline,8.0,0.15708680011799744,6.365907251588544,18.11787488067382,1.5727649845685545,24.5134909463903,3.0,0.76
MED,P95,baseline,8.0,0.15708680011799744,6.365907251588544,18.11787488067382,1.5727649845685545,24.5134909463903,3.0,0.76
MED,median,baseline,8.5,0.19573669062346344,5.1089041958090995,19.45631013028029,1.7038665958148647,27.166079516514056,3.0,0.76
MED,P90,baseline,8.5,0.19573669062346344,5.1089041958090995,19.45631013028029,1.7038665958148647,27.166079516514056,3.0,0.76
MED,P95,baseline,8.5,0.19573669062346344,5.1089041958090995,19.45631013028029,1.7038665958148647,27.166079516514056,3.0,0.76
MED,median,baseline,9.0,0.24674023240422097,4.0528453355825445,21.015075281428338,1.8566360795505716,30.279556217764778,3.0,0.76
MED,P90,baseline,9.0,0.24674023240422097,4.0528453355825445,21.015075281428338,1.8566360795505716,30.279556217764778,3.0,0.76
MED,P95,baseline,9.0,0.24674023240422097,4.0528453355825445,21.015075281428338,1.8566360795505716,30.279556217764778,3.0,0.76
MED,median,baseline,9.5,0.30862254770750097,3.240203956023837,22.579002269137373,2.015622419557532,33.523714806153485,3.0,0.76
MED,P90,baseline,9.5,0.30862254770750097,3.240203956023837,22.579002269137373,2.015622419557532,33.523714806153485,3.0,0.76
MED,P95,baseline,9.5,0.30862254770750097,3.240203956023837,22.579002269137373,2.015622419557532,33.523714806153485,3.0,0.76
MED,median,baseline,10.0,0.3924764945828771,2.5479232866233104,24.46184807476555,2.2064191714215853,37.42531713574405,3.0,0.76
MED,P90,baseline,10.0,0.3924764945828771,2.5479232866233104,24.46184807476555,2.2064191714215853,37.42531713574405,3.0,0.76
MED,P95,baseline,10.0,0.3924764945828771,2.5479232866233104,24.46184807476555,2.2064191714215853,37.42531713574405,3.0,0.76
MED,median,pessimistic,0.0,0.00031865601292149884,999.0,1.7377127051163592,0.11006536252662676,1.6285375660140713,3.0,0.76
MED,P90,pessimistic,0.0,0.022282703542463082,44.87785775609983,14.531179202478791,0.9203935162303168,13.618229952536028,3.0,0.76
MED,P95,pessimistic,0.0,0.07150264010725264,13.985497577432364,26.030227052152235,1.6487342060110277,24.39482802968019,3.0,0.76
MED,median,pessimistic,0.5,0.0003071893455264157,999.0,1.6511344884130785,0.10158510992036414,1.6670249015664735,3.0,0.76
MED,P90,pessimistic,0.5,0.018406748771088773,54.32789964356368,12.981015764112442,0.8038114004322342,13.29129843133806,3.0,0.76
MED,P95,pessimistic,0.5,0.05890948560463358,16.975194906834226,23.218245021638197,1.4434019395499367,23.794528798955877,3.0,0.76
MED,median,pessimistic,1.0,0.0010132276982125052,986.9449895262032,2.526518066285983,0.18281227397418476,2.424020721614435,3.0,0.76
MED,P90,pessimistic,1.0,0.017646807362309155,56.66747414809123,12.07732433274175,0.7235614869848507,13.13951235944301,3.0,0.76
MED,P95,pessimistic,1.0,0.05075791350514528,19.701361441869178,20.77477863917535,1.2163342026719568,22.89758893338556,3.0,0.76
MED,median,pessimistic,1.5,0.0025036433534516085,399.41791174903796,3.534345218922158,0.27637462615742414,3.3685805659918673,3.0,0.76
MED,P90,pessimistic,1.5,0.01655635072713521,60.39978353207022,10.902582079335732,0.6719178709408185,12.389972629255247,3.0,0.76
MED,P95,pessimistic,1.5,0.04084094007452516,24.485234624257764,17.669107463914038,1.0351599134038363,20.6746517942611,3.0,0.76
MED,median,pessimistic,2.0,0.0072823286222973025,137.3187138160949,5.709188484778499,0.448064910461124,5.726448310478398,3.0,0.76
MED,P90,pessimistic,2.0,0.027568434136191193,36.273369574052936,12.882272695645234,0.8373350120547618,14.959188881169734,3.0,0.76
MED,P95,pessimistic,2.0,0.05879432119142011,17.008445369141036,19.55501641349982,1.199452554328112,23.547922796817655,3.0,0.76
MED,median,pessimistic,2.5,0.009775585780324067,102.29566007315516,6.131350810774334,0.4950266210624113,6.35986597545549,3.0,0.76
MED,P90,pessimistic,2.5,0.02343268366835408,42.6754363329926,10.921721508188755,0.7420604404569809,13.072331248226734,3.0,0.76
MED,P95,pessimistic,2.5,0.042227143321068646,23.68145039783129,15.430210788987306,0.974557964570392,19.389812637789806,3.0,0.76
MED,median,pessimistic,3.0,0.01738677453842502,57.51498058423578,7.90385005369152,0.6257301897014244,8.847494944811004,3.0,0.76
MED,P90,pessimistic,3.0,0.03609653534615683,27.70348983386488,12.73576132682405,0.8776107780182799,15.965308448875737,3.0,0.76
MED,P95,pessimistic,3.0,0.06097212357206231,16.4009376976695,17.36199771962462,1.118769830501183,22.78014547884658,3.0,0.76
MED,median,pessimistic,3.5,0.021831357144008044,45.80567270296641,8.17578283361881,0.6690574092140806,9.419301945711533,3.0,0.76
MED,P90,pessimistic,3.5,0.03208407442142419,31.168111221318213,10.783083808245609,0.7985455921282547,13.59237035127049,3.0,0.76
MED,P95,pessimistic,3.5,0.04428488751944822,22.5810667253211,13.321574774362604,0.9246164162275328,17.65530614256916,3.0,0.76
MED,median,pessimistic,4.0,0.03241077875180061,30.85393312076601,9.43566177880181,0.7749862948081409,11.490223184396026,3.0,0.76
MED,P90,pessimistic,4.0,0.042643988822618044,23.449963936525744,11.51645500535098,0.8794413866405489,14.991351165499395,3.0,0.76
MED,P95,pessimistic,4.0,0.05295148272511841,18.885212434771603,13.337149078582847,0.9708395919938893,18.05483814896486,3.0,0.76
MED,median,pessimistic,4.5,0.0477083398925067,20.960695808178073,10.978083285642311,0.8922432282280389,14.331512517749598,3.0,0.76
MED,P90,pessimistic,4.5,0.061206048213589694,16.33825462003881,13.114518090416096,1.0006455359463027,18.11056940444436,3.0,0.76
MED,P95,pessimistic,4.5,0.0746171547072139,13.401743927704619,14.983898544593995,1.0954975551999415,21.417244180302262,3.0,0.76
MED,median,pessimistic,5.0,0.06957927787525896,14.372095119940596,12.668008906047763,1.022869896438729,17.65383699474229,3.0,0.76
MED,P90,pessimistic,5.0,0.08739366103213986,11.442477499966964,14.873190872428339,1.1359608551666627,21.75448924664791,3.0,0.76
MED,P95,pessimistic,5.0,0.10489437925114894,9.533399283537365,16.802725093012498,1.2349154440548176,25.342559967065302,3.0,0.76
MED,median,pessimistic,5.5,0.09136533627545054,10.945069987869081,13.699714298256698,1.1148972349459445,20.114498629726597,3.0,0.76
MED,P90,pessimistic,5.5,0.11374688773195014,8.791449330521875,15.984164046426896,1.2333065638214384,24.580355936414957,3.0,0.76
MED,P95,pessimistic,5.5,0.13563425848375743,7.372768585008726,17.983057576074973,1.336914726586918,28.48798107976728,3.0,0.76
MED,median,pessimistic,6.0,0.10969972603647467,9.115793048266179,13.858398735839659,1.1659239883305965,20.93635633028853,3.0,0.76
MED,P90,pessimistic,6.0,0.10969972603647467,9.115793048266179,13.858398735839659,1.1659239883305965,20.93635633028853,3.0,0.76
MED,P95,pessimistic,6.0,0.10969972603647467,9.115793048266179,13.858398735839659,1.1659239883305965,20.93635633028853,3.0,0.76
MED,median,pessimistic,6.5,0.14097817606827925,7.093296479560602,14.840099859035917,1.2570354971288848,23.649764177296916,3.0,0.76
MED,P90,pessimistic,6.5,0.14097817606827925,7.093296479560602,14.840099859035917,1.2570354971288848,23.649764177296916,3.0,0.76
MED,P95,pessimistic,6.5,0.14097817606827925,7.093296479560602,14.840099859035917,1.2570354971288848,23.649764177296916,3.0,0.76
MED,median,pessimistic,7.0,0.18225135746939516,5.486927581145323,15.93651833409932,1.359321232928909,26.78578711702176,3.0,0.76
MED,P90,pessimistic,7.0,0.18225135746939516,5.486927581145323,15.93651833409932,1.359321232928909,26.78578711702176,3.0,0.76
MED,P95,pessimistic,7.0,0.18225135746939516,5.486927581145323,15.93651833409932,1.359321232928909,26.78578711702176,3.0,0.76
MED,median,pessimistic,7.5,0.23200924780122098,4.310173018865058,16.95563014963079,1.4589983601639342,30.00643689993948,3.0,0.76
MED,P90,pessimistic,7.5,0.23200924780122098,4.310173018865058,16.95563014963079,1.4589983601639342,30.00643689993948,3.0,0.76
MED,P95,pessimistic,7.5,0.23200924780122098,4.310173018865058,16.95563014963079,1.4589983601639342,30.00643689993948,3.0,0.76
MED,median,pessimistic,8.0,0.29791211281577407,3.3566946659144077,18.117874880700068,1.5727649845705962,33.7582089831333,3.0,0.76
MED,P90,pessimistic,8.0,0.29791211281577407,3.3566946659144077,18.117874880700068,1.5727649845705962,33.7582089831333,3.0,0.76
MED,P95,pessimistic,8.0,0.29791211281577407,3.3566946659144077,18.117874880700068,1.5727649845705962,33.7582089831333,3.0,0.76
MED,median,pessimistic,8.5,0.3863602950039671,2.588257677952472,19.456310130329847,1.7038665958188028,38.16691796189956,3.0,0.76
MED,P90,pessimistic,8.5,0.3863602950039671,2.588257677952472,19.456310130329847,1.7038665958188028,38.16691796189956,3.0,0.76
MED,P95,pessimistic,8.5,0.3863602950039671,2.588257677952472,19.456310130329847,1.7038665958188028,38.16691796189956,3.0,0.76
MED,median,pessimistic,9.0,0.5069113278571052,1.9727316101365424,21.015075281513916,1.8566360795576484,43.4005785869433,3.0,0.76
MED,P90,pessimistic,9.0,0.5069113278571052,1.9727316101365424,21.015075281513916,1.8566360795576484,43.4005785869433,3.0,0.76
MED,P95,pessimistic,9.0,0.5069113278571052,1.9727316101365424,21.015075281513916,1.8566360795576484,43.4005785869433,3.0,0.76
MED,median,pessimistic,9.5,0.6599202548704315,1.515334606900859,22.579002269109996,2.0156224195549712,49.021211541568604,3.0,0.76
MED,P90,pessimistic,9.5,0.6599202548704315,1.515334606900859,22.579002269109996,2.0156224195549712,49.021211541568604,3.0,0.76
MED,P95,pessimistic,9.5,0.6599202548704315,1.515334606900859,22.579002269109996,2.0156224195549712,49.021211541568604,3.0,0.76
MED,median,pessimistic,10.0,0.8734725021617682,1.1448557310334182,24.46184807470326,2.2064191714171004,55.83201241998888,3.0,0.76
MED,P90,pessimistic,10.0,0.8734725021617682,1.1448557310334182,24.46184807470326,2.2064191714171004,55.83201241998888,3.0,0.76
MED,P95,pessimistic,10.0,0.8734725021617682,1.1448557310334182,24.46184807470326,2.2064191714171004,55.83201241998888,3.0,0.76
SUP,median,optimistic,0.0,6.468417149847992e-05,999.0,0.7367987914712046,0.05068908475185269,0.5065887841221324,1.9,0.5
SUP,P90,optimistic,0.0,0.003836418320672294,260.6597916112443,5.674307575875392,0.39037178256943306,3.901391545252278,1.9,0.5
SUP,P95,optimistic,0.0,0.01253736126485559,79.76160045759984,10.257770187754634,0.7056973877142008,7.052768526999047,1.9,0.5
SUP,median,optimistic,0.5,7.722862301878645e-05,999.0,0.78496989395358,0.054597362393908604,0.5478656641608592,1.9,0.5
SUP,P90,optimistic,0.5,0.004353404914802931,229.70525819909122,5.893569188881755,0.4099180558102919,4.113386032784003,1.9,0.5
SUP,P95,optimistic,0.5,0.0143111719344222,69.87547942141148,10.685662532536425,0.7432246691265518,7.458002715111766,1.9,0.5
SUP,median,optimistic,1.0,0.00010404225231910691,999.0,0.880697691079392,0.06261062076800426,0.6197502619720268,1.9,0.5
SUP,P90,optimistic,1.0,0.003023740449685493,330.7162161038037,5.025209756740088,0.3392439288705485,3.6952037504659603,1.9,0.5
SUP,P95,optimistic,1.0,0.01012161201872206,98.79849159899517,8.971450411852297,0.6225191794689946,6.6235290628128,1.9,0.5
SUP,median,optimistic,1.5,0.0002718585568830458,999.0,1.3293515373540348,0.10069515814970793,0.9165740130692808,1.9,0.5
SUP,P90,optimistic,1.5,0.003959278473859672,252.57127191287398,5.526664546983723,0.37601399235752886,4.078280350209159,1.9,0.5
SUP,P95,optimistic,1.5,0.011641463691299278,85.89985130026139,9.584838172443828,0.6522915378673385,7.135177283888399,1.9,0.5
SUP,median,optimistic,2.0,0.0003365006439997668,999.0,1.413947896744562,0.11076224164490875,0.9751834670643144,1.9,0.5
SUP,P90,optimistic,2.0,0.002470266093073767,404.8146889130045,4.34756796267558,0.29066879320287053,3.3172527115863417,1.9,0.5
SUP,P95,optimistic,2.0,0.00654450276418527,152.79999658224466,7.247301328175737,0.4718705882947315,5.632268350973624,1.9,0.5
SUP,median,optimistic,2.5,0.000536540750722906,999.0,1.7442064738462144,0.1377738339833352,1.222404464778021,1.9,0.5
SUP,P90,optimistic,2.5,0.003034783776013846,329.51276723690955,4.6614139577268,0.3186211568419196,3.5865684643842743,1.9,0.5
SUP,P95,optimistic,2.5,0.007648906423196984,130.7376433534709,7.59928849750862,0.5007496987265405,5.9674814644680705,1.9,0.5
SUP,median,optimistic,3.0,0.0005733776360428757,999.0,1.711548757611998,0.1408548474138923,1.1913796645801669,1.9,0.5
SUP,P90,optimistic,3.0,0.0016617093778878112,601.7899479336718,3.308410738014484,0.23371128475197117,2.557592223786867,1.9,0.5
SUP,P95,optimistic,3.0,0.003412017951740399,293.081693632333,4.958042582711783,0.32963625378356914,3.9689526118179224,1.9,0.5
SUP,median,optimistic,3.5,0.0006957092219756327,999.0,1.797735362427666,0.15324561489703317,1.2448681365464842,1.9,0.5
SUP,P90,optimistic,3.5,0.0014089711600098137,709.7377351521054,2.841383765005376,0.2145898834400304,2.151267354991902,1.9,0.5
SUP,P95,optimistic,3.5,0.0022521573859387452,444.0187023533347,3.754576117260677,0.26826611841503556,2.9443666711316308,1.9,0.5
SUP,median,optimistic,4.0,0.0009911926376555043,999.0,2.1060871114211808,0.18009613026254287,1.4887832298593031,1.9,0.5
SUP,P90,optimistic,4.0,0.0018585675123761426,538.0487893719392,3.1673018204482464,0.24314608233848714,2.4243676644848797,1.9,0.5
SUP,P95,optimistic,4.0,0.0028551061138359698,350.2496790413344,4.0958646908471605,0.29831479040480774,3.2430040447822566,1.9,0.5
SUP,median,optimistic,4.5,0.001350915643954434,740.2386703234666,2.422400623272807,0.20692255927749165,1.7542156854129638,1.9,0.5
SUP,P90,optimistic,4.5,0.0024012151596057023,416.45580821845533,3.511992808967553,0.27235508330888986,2.7293358201496236,1.9,0.5
SUP,P95,optimistic,4.5,0.0035829290711371408,279.10125490779603,4.465385971450638,0.3296085418364864,3.582565938044194,1.9,0.5
SUP,median,optimistic,5.0,0.001884087248309187,530.7609830157375,2.828472816368499,0.24038653401185223,2.1045151524184464,1.9,0.5
SUP,P90,optimistic,5.0,0.003179038205805543,314.5605479587522,3.9531263902805316,0.3086491663354452,3.126224411300863,1.9,0.5
SUP,P95,optimistic,5.0,0.004605682267335432,217.1230975033237,4.93719826745377,0.36837896961857064,4.020220012822981,1.9,0.5
SUP,median,optimistic,5.5,0.0023046048616416894,433.913863779515,3.052269948547537,0.2619341821720171,2.3067459424143606,1.9,0.5
SUP,P90,optimistic,5.5,0.003816762164502188,262.0021779980173,4.21735047834287,0.33340702643395304,3.3811779144141454,1.9,0.5
SUP,P95,optimistic,5.5,0.0054703500029591,182.803659630383,5.236795941913997,0.39594576516322877,4.321305889913964,1.9,0.5
SUP,median,optimistic,6.0,0.002400929238244881,416.5054030209639,2.9497218088745667,0.26422342273909455,2.20532397039785,1.9,0.5
SUP,P90,optimistic,6.0,0.002400929238244881,416.5054030209639,2.9497218088745667,0.26422342273909455,2.20532397039785,1.9,0.5
SUP,P95,optimistic,6.0,0.002400929238244881,416.5054030209639,2.9497218088745667,0.26422342273909455,2.20532397039785,1.9,0.5
SUP,median,optimistic,6.5,0.002894303029963124,345.50632385329084,3.16798464518717,0.28573783765361827,2.4113870509088855,1.9,0.5
SUP,P90,optimistic,6.5,0.002894303029963124,345.50632385329084,3.16798464518717,0.28573783765361827,2.4113870509088855,1.9,0.5
SUP,P95,optimistic,6.5,0.002894303029963124,345.50632385329084,3.16798464518717,0.28573783765361827,2.4113870509088855,1.9,0.5
SUP,median,optimistic,7.0,0.003508836534472604,284.99475258407983,3.4115277188226583,0.30988411758528134,2.6433177070617164,1.9,0.5
SUP,P90,optimistic,7.0,0.003508836534472604,284.99475258407983,3.4115277188226583,0.30988411758528134,2.6433177070617164,1.9,0.5
SUP,P95,optimistic,7.0,0.003508836534472604,284.99475258407983,3.4115277188226583,0.30988411758528134,2.6433177070617164,1.9,0.5
SUP,median,optimistic,7.5,0.004176992415928927,239.40670712891603,3.634543237797921,0.3330723506375805,2.8624600098560937,1.9,0.5
SUP,P90,optimistic,7.5,0.004176992415928927,239.40670712891603,3.634543237797921,0.3330723506375805,2.8624600098560937,1.9,0.5
SUP,P95,optimistic,7.5,0.004176992415928927,239.40670712891603,3.634543237797921,0.3330723506375805,2.8624600098560937,1.9,0.5
SUP,median,optimistic,8.0,0.00501516529864931,199.3952223806703,3.888735008402348,0.3595342073801673,3.112938148904867,1.9,0.5
SUP,P90,optimistic,8.0,0.00501516529864931,199.3952223806703,3.888735008402348,0.3595342073801673,3.112938148904867,1.9,0.5
SUP,P95,optimistic,8.0,0.00501516529864931,199.3952223806703,3.888735008402348,0.3595342073801673,3.112938148904867,1.9,0.5
SUP,median,optimistic,8.5,0.006081375568275482,164.4364813146335,4.181307413190192,0.39002379508752205,3.401973507688745,1.9,0.5
SUP,P90,optimistic,8.5,0.006081375568275482,164.4364813146335,4.181307413190192,0.39002379508752205,3.401973507688745,1.9,0.5
SUP,P95,optimistic,8.5,0.006081375568275482,164.4364813146335,4.181307413190192,0.39002379508752205,3.401973507688745,1.9,0.5
SUP,median,optimistic,9.0,0.007459813315505439,134.0516119782074,4.5218795764792405,0.4255478575883046,3.7392052868506047,1.9,0.5
SUP,P90,optimistic,9.0,0.007459813315505439,134.0516119782074,4.5218795764792405,0.4255478575883046,3.7392052868506047,1.9,0.5
SUP,P95,optimistic,9.0,0.007459813315505439,134.0516119782074,4.5218795764792405,0.4255478575883046,3.7392052868506047,1.9,0.5
SUP,median,optimistic,9.5,0.009057248980146737,110.40880097168301,4.85839464531786,0.46198811484779895,4.078190639075427,1.9,0.5
SUP,P90,optimistic,9.5,0.009057248980146737,110.40880097168301,4.85839464531786,0.46198811484779895,4.078190639075427,1.9,0.5
SUP,P95,optimistic,9.5,0.009057248980146737,110.40880097168301,4.85839464531786,0.46198811484779895,4.078190639075427,1.9,0.5
SUP,median,optimistic,10.0,0.011180480604731008,89.44159337630362,5.263532475173213,0.505719436177844,4.485041418489318,1.9,0.5
SUP,P90,optimistic,10.0,0.011180480604731008,89.44159337630362,5.263532475173213,0.505719436177844,4.485041418489318,1.9,0.5
SUP,P95,optimistic,10.0,0.011180480604731008,89.44159337630362,5.263532475173213,0.505719436177844,4.485041418489318,1.9,0.5
SUP,median,baseline,0.0,6.468417149847992e-05,999.0,0.7367987914712046,0.05068908475185269,0.5065887841221324,1.9,0.5
SUP,P90,baseline,0.0,0.003836418320672294,260.6597916112443,5.674307575875392,0.39037178256943306,3.901391545252278,1.9,0.5
SUP,P95,baseline,0.0,0.01253736126485559,79.76160045759984,10.257770187754634,0.7056973877142008,7.052768526999047,1.9,0.5
SUP,median,baseline,0.5,7.958058474073995e-05,999.0,0.7849698939539056,0.0545973623939218,0.5561455933443329,1.9,0.5
SUP,P90,baseline,0.5,0.004485985832594536,222.9164418518984,5.893569188884254,0.4099180558102919,4.175551901688958,1.9,0.5
SUP,P95,baseline,0.5,0.014747012006015126,67.81034690906282,10.685662532540393,0.7432246691265518,7.570715992053268,1.9,0.5
SUP,median,baseline,1.0,0.00011047586589790821,999.0,0.8806976910815281,0.06261062076818122,0.6386244673691552,1.9,0.5
SUP,P90,baseline,1.0,0.0032107181167665335,311.4568030055174,5.025209756752675,0.3392439288712018,3.8077394585567883,1.9,0.5
SUP,P95,baseline,1.0,0.010747497551466286,93.04491535925678,8.971450411874688,0.6225191794700835,6.825245553561067,1.9,0.5
SUP,median,baseline,1.5,0.0002974606417476554,999.0,1.329351537356665,0.10069515814987656,0.9587619533408956,1.9,0.5
SUP,P90,baseline,1.5,0.004332140688143067,230.83276190382475,5.5266645469952795,0.37601399235831584,4.265994866846319,1.9,0.5
SUP,P95,baseline,1.5,0.01273779019574117,78.50655291326325,9.584838172463256,0.6522915378675633,7.463594224351229,1.9,0.5
SUP,median,baseline,2.0,0.00037940341666433254,999.0,1.4139478967443735,0.1107622416449378,1.035485444915378,1.9,0.5
SUP,P90,baseline,2.0,0.0027852172425046205,359.0384206801567,4.347567962674673,0.2906687932029286,3.522380163287984,1.9,0.5
SUP,P95,baseline,2.0,0.0073789062617681395,135.52143969916474,7.247301328173045,0.4718705882947315,5.980548375012722,1.9,0.5
SUP,median,baseline,2.5,0.0006233714168106762,999.0,1.7442064738485843,0.13777383398351573,1.3176103985568606,1.9,0.5
SUP,P90,baseline,2.5,0.0035259157102577893,283.61426709400473,4.661413957732885,0.31862115684228065,3.865905303828273,1.9,0.5
SUP,P95,baseline,2.5,0.008886761401917475,112.52693245305679,7.599288497519074,0.5007496987271423,6.43225369125765,1.9,0.5
SUP,median,baseline,3.0,0.0006864576614981089,999.0,1.7115487576141672,0.14085484741407947,1.3035769911148263,1.9,0.5
SUP,P90,baseline,3.0,0.0019894273196739433,502.6572170346463,3.3084107380191354,0.2337112847522207,2.7984516394759984,1.9,0.5
SUP,P95,baseline,3.0,0.004084927135119069,244.80240820032438,4.958042582718776,0.32963625378406836,4.342725881101973,1.9,0.5
SUP,median,baseline,3.5,0.0008582812032612294,999.0,1.7977353624277672,0.15324561489706556,1.3826882477557483,1.9,0.5
SUP,P90,baseline,3.5,0.001738216807214906,575.3022268851898,2.8413837650050966,0.21458988343996557,2.389435476901079,1.9,0.5
SUP,P95,baseline,3.5,0.0027784371546043587,359.9145650434541,3.7545761172609184,0.2682661184151652,3.2703393024032392,1.9,0.5
SUP,median,baseline,4.0,0.0012600527984221244,793.6175382906413,2.1060871114201207,0.18009613026237425,1.6785984043502051,1.9,0.5
SUP,P90,baseline,4.0,0.00236270237091818,423.2441683339852,3.1673018204468435,0.24314608233821736,2.7334669087769767,1.9,0.5
SUP,P95,baseline,4.0,0.00362955122128393,275.5161558641006,4.095864690845087,0.29831479040447045,3.656476850150404,1.9,0.5
SUP,median,baseline,4.5,0.001769651469519011,565.0830218403394,2.4224006232719013,0.20692255927745645,2.0077643796398155,1.9,0.5
SUP,P90,baseline,4.5,0.0031455064976433442,317.9138242916406,3.511992808965837,0.2723550833088195,3.1238252430067583,1.9,0.5
SUP,P95,baseline,4.5,0.00469350971268389,213.0601748404969,4.465385971448438,0.3296085418363458,4.100378498452831,1.9,0.5
SUP,median,baseline,5.0,0.0025432517663734485,393.197407044742,2.8284728163701045,0.24038653401192572,2.445097768421851,1.9,0.5
SUP,P90,baseline,5.0,0.004291252721733371,233.03218543513532,3.9531263902830833,0.3086491663356657,3.6321545715047137,1.9,0.5
SUP,P95,baseline,5.0,0.006217020773469273,160.84874676105864,4.9371982674568,0.3683789696188646,4.670829274202218,1.9,0.5
SUP,median,baseline,5.5,0.003205631911252578,311.9509749356273,3.05226994854841,0.2619341821722866,2.7205602910990203,1.9,0.5
SUP,P90,baseline,5.5,0.005308994524760228,188.3595839732314,4.217350478344277,0.3334070264343381,3.98773796539912,1.9,0.5
SUP,P95,baseline,5.5,0.00760908250566303,131.42188946640465,5.236795941915182,0.39594576516338287,5.096518430411715,1.9,0.5
SUP,median,baseline,6.0,0.0034413224994524366,290.58595936856085,2.949721808874879,0.2642234227390136,2.640252148670007,1.9,0.5
SUP,P90,baseline,6.0,0.0034413224994524366,290.58595936856085,2.949721808874879,0.2642234227390136,2.640252148670007,1.9,0.5
SUP,P95,baseline,6.0,0.0034413224994524366,290.58595936856085,2.949721808874879,0.2642234227390136,2.640252148670007,1.9,0.5
SUP,median,baseline,6.5,0.0042748299869271875,233.92743174771616,3.167984645186324,0.28573783765344773,2.9305851756489636,1.9,0.5
SUP,P90,baseline,6.5,0.0042748299869271875,233.92743174771616,3.167984645186324,0.28573783765344773,2.9305851756489636,1.9,0.5
SUP,P95,baseline,6.5,0.0042748299869271875,233.92743174771616,3.167984645186324,0.28573783765344773,2.9305851756489636,1.9,0.5
SUP,median,baseline,7.0,0.005340314310403417,187.25489584983964,3.411527718818786,0.30988411758487555,3.2610030606934197,1.9,0.5
SUP,P90,baseline,7.0,0.005340314310403417,187.25489584983964,3.411527718818786,0.30988411758487555,3.2610030606934197,1.9,0.5
SUP,P95,baseline,7.0,0.005340314310403417,187.25489584983964,3.411527718818786,0.30988411758487555,3.2610030606934197,1.9,0.5
SUP,median,baseline,7.5,0.006550828104601542,152.6524561524616,3.634543237799697,0.3330723506375805,3.5847236945357275,1.9,0.5
SUP,P90,baseline,7.5,0.006550828104601542,152.6524561524616,3.634543237799697,0.3330723506375805,3.5847236945357275,1.9,0.5
SUP,P95,baseline,7.5,0.006550828104601542,152.6524561524616,3.634543237799697,0.3330723506375805,3.5847236945357275,1.9,0.5
SUP,median,baseline,8.0,0.008104880261899844,123.38245201485464,3.8887350084000505,0.359534207379861,3.9573199767968474,1.9,0.5
SUP,P90,baseline,8.0,0.008104880261899844,123.38245201485464,3.8887350084000505,0.359534207379861,3.9573199767968474,1.9,0.5
SUP,P95,baseline,8.0,0.008104880261899844,123.38245201485464,3.8887350084000505,0.359534207379861,3.9573199767968474,1.9,0.5
SUP,median,baseline,8.5,0.01012726118702884,98.74338002468191,4.181307413194892,0.39002379508790497,4.390116246905482,1.9,0.5
SUP,P90,baseline,8.5,0.01012726118702884,98.74338002468191,4.181307413194892,0.39002379508790497,4.390116246905482,1.9,0.5
SUP,P95,baseline,8.5,0.01012726118702884,98.74338002468191,4.181307413194892,0.39002379508790497,4.390116246905482,1.9,0.5
SUP,median,baseline,9.0,0.012801090840017995,78.1183426082612,4.521879576477852,0.4255478575881867,4.898225999765958,1.9,0.5
SUP,P90,baseline,9.0,0.012801090840017995,78.1183426082612,4.521879576477852,0.4255478575881867,4.898225999765958,1.9,0.5
SUP,P95,baseline,9.0,0.012801090840017995,78.1183426082612,4.521879576477852,0.4255478575881867,4.898225999765958,1.9,0.5
SUP,median,baseline,9.5,0.016015634948202552,62.4389856058895,4.858394645313576,0.4619881148474788,5.423023055277595,1.9,0.5
SUP,P90,baseline,9.5,0.016015634948202552,62.4389856058895,4.858394645313576,0.4619881148474788,5.423023055277595,1.9,0.5
SUP,P95,baseline,9.5,0.016015634948202552,62.4389856058895,4.858394645313576,0.4619881148474788,5.423023055277595,1.9,0.5
SUP,median,baseline,10.0,0.020372163907302128,49.08658719565689,5.263532475172791,0.5057194361781242,6.05417266108727,1.9,0.5
SUP,P90,baseline,10.0,0.020372163907302128,49.08658719565689,5.263532475172791,0.5057194361781242,6.05417266108727,1.9,0.5
SUP,P95,baseline,10.0,0.020372163907302128,49.08658719565689,5.263532475172791,0.5057194361781242,6.05417266108727,1.9,0.5
SUP,median,pessimistic,0.0,6.468417149847992e-05,999.0,0.7367987914712046,0.05068908475185269,0.5065887841221324,1.9,0.5
SUP,P90,pessimistic,0.0,0.003836418320672294,260.6597916112443,5.674307575875392,0.39037178256943306,3.901391545252278,1.9,0.5
SUP,P95,pessimistic,0.0,0.01253736126485559,79.76160045759984,10.257770187754634,0.7056973877142008,7.052768526999047,1.9,0.5
SUP,median,pessimistic,0.5,8.282833001466e-05,999.0,0.7849698939537726,0.054597362393908604,0.5673804795798376,1.9,0.5
SUP,P90,pessimistic,0.5,0.004669062387437022,214.17576314479868,5.893569188883023,0.40991805581018625,4.259903645454138,1.9,0.5
SUP,P95,pessimistic,0.5,0.01534884898300567,65.1514651754803,10.685662532539244,0.7432246691265518,7.723654600054359,1.9,0.5
SUP,median,pessimistic,1.0,0.00011967707681694571,999.0,0.880697691079895,0.0626106207680587,0.6646872262995971,1.9,0.5
SUP,P90,pessimistic,1.0,0.003478129413828233,287.5108660489264,5.0252097567426715,0.33924392887043964,3.963136253776905,1.9,0.5
SUP,P95,pessimistic,1.0,0.011642625107347917,85.89128231646642,8.971450411857411,0.6225191794694303,7.103789108643409,1.9,0.5
SUP,median,pessimistic,1.5,0.00033538593703946924,999.0,1.3293515373569567,0.10069515814990468,1.0180484814949806,1.9,0.5
SUP,P90,pessimistic,1.5,0.004884474986483519,204.7302939962295,5.526664546996528,0.3760139923584283,4.529789256994082,1.9,0.5
SUP,P95,pessimistic,1.5,0.014361818341788105,69.6290661949353,9.584838172465334,0.6522915378682379,7.925117116004113,1.9,0.5
SUP,median,pessimistic,2.0,0.0004452340339465863,999.0,1.413947896744129,0.11076224164487969,1.1217279912423945,1.9,0.5
SUP,P90,pessimistic,2.0,0.0032684827121494927,305.95236018316206,4.347567962673986,0.29066879320275435,3.8157488783244147,1.9,0.5
SUP,P95,pessimistic,2.0,0.00865922671420715,115.48375311149954,7.247301328171821,0.471870588294964,6.478650712255319,1.9,0.5
SUP,median,pessimistic,2.5,0.0007613875678478358,999.0,1.7442064738463174,0.13777383398324497,1.4561846938373462,1.9,0.5
SUP,P90,pessimistic,2.5,0.004306563173533424,232.20372248238166,4.6614139577269,0.3186211568416789,4.272486113820318,1.9,0.5
SUP,P95,pessimistic,2.5,0.010854314887374162,92.12926014917893,7.599288497508756,0.5007496987261795,7.108739717254191,1.9,0.5
SUP,median,pessimistic,3.0,0.000872658718911425,999.0,1.7115487576148254,0.14085484741411067,1.469778953273401,1.9,0.5
SUP,P90,pessimistic,3.0,0.0025290577897675243,395.40417148471795,3.3084107380208625,0.2337112847525327,3.155245412806571,1.9,0.5
SUP,P95,pessimistic,3.0,0.005192960149650945,192.56839474634077,4.958042582721351,0.32963625378431793,4.896409758215126,1.9,0.5
SUP,median,pessimistic,3.5,0.001135617447399927,880.5782284250455,1.7977353624243642,0.1532456148968063,1.5904700633780506,1.9,0.5
SUP,P90,pessimistic,3.5,0.0022998864779236344,434.804069504688,2.8413837649997222,0.21458988343957672,2.7485050231337627,1.9,0.5
SUP,P95,pessimistic,3.5,0.0036762330309455878,272.01757657424224,3.754576117253283,0.26826611841451703,3.7617856129200056,1.9,0.5
SUP,median,pessimistic,4.0,0.001735253693234865,576.2846112350276,2.10608711141835,0.1800961302623068,1.9698534755320478,1.9,0.5
SUP,P90,pessimistic,4.0,0.003253743033853092,307.33834528284706,3.16730182044423,0.24314608233821736,3.2077531329422975,1.9,0.5
SUP,P95,pessimistic,4.0,0.00499835575891037,200.06579127893005,4.095864690841467,0.2983147904045379,4.290915333176253,1.9,0.5
SUP,median,pessimistic,4.5,0.0025364935047849555,394.2450466021518,2.422400623272772,0.20692255927759712,2.4037303763632685,1.9,0.5
SUP,P90,pessimistic,4.5,0.004508546986769652,221.80094893865004,3.5119928089673205,0.2723550833090306,3.7398978202874176,1.9,0.5
SUP,P95,pessimistic,4.5,0.006727345528722683,148.64704001458796,4.465385971450379,0.3296085418365568,4.909044333721048,1.9,0.5
SUP,median,pessimistic,5.0,0.0037940857973976917,263.5681039911869,2.8284728163697728,0.24038653401199922,2.9864491583206494,1.9,0.5
SUP,P90,pessimistic,5.0,0.006401796794107151,156.20614526854385,3.9531263902827987,0.3086491663358127,4.436323611698315,1.9,0.5
SUP,P95,pessimistic,5.0,0.00927470513561219,107.82013933362569,4.937198267456528,0.3683789696189382,5.704963758403779,1.9,0.5
SUP,median,pessimistic,5.5,0.004977407808485959,200.90778945118876,3.052269948546393,0.2619341821721326,3.3900268728956986,1.9,0.5
SUP,P90,pessimistic,5.5,0.00824331412162415,121.3104323389503,4.21735047834101,0.33340702643418413,4.9690274863595905,1.9,0.5
SUP,P95,pessimistic,5.5,0.011814677332780828,84.64048334400253,5.236795941911112,0.39594576516322877,6.350653023140478,1.9,0.5
SUP,median,pessimistic,6.0,0.005561433201038417,179.80976554987345,2.949721808870669,0.26422342273860894,3.356418300625766,1.9,0.5
SUP,P90,pessimistic,6.0,0.005561433201038417,179.80976554987345,2.949721808870669,0.26422342273860894,3.356418300625766,1.9,0.5
SUP,P95,pessimistic,6.0,0.005561433201038417,179.80976554987345,2.949721808870669,0.26422342273860894,3.356418300625766,1.9,0.5
SUP,median,pessimistic,6.5,0.007190382235785436,139.07466490768078,3.167984645186833,0.28573783765370353,3.800764085834299,1.9,0.5
SUP,P90,pessimistic,6.5,0.007190382235785436,139.07466490768078,3.167984645186833,0.28573783765370353,3.800764085834299,1.9,0.5
SUP,P95,pessimistic,6.5,0.007190382235785436,139.07466490768078,3.167984645186833,0.28573783765370353,3.800764085834299,1.9,0.5
SUP,median,pessimistic,7.0,0.009349141406177472,106.96169375930576,3.411527718821974,0.3098841175851461,4.314730367731509,1.9,0.5
SUP,P90,pessimistic,7.0,0.009349141406177472,106.96169375930576,3.411527718821974,0.3098841175851461,4.314730367731509,1.9,0.5
SUP,P95,pessimistic,7.0,0.009349141406177472,106.96169375930576,3.411527718821974,0.3098841175851461,4.314730367731509,1.9,0.5
SUP,median,pessimistic,7.5,0.01193638704752757,83.77744421475792,3.6345432377995994,0.33307235063767626,4.838870851794942,1.9,0.5
SUP,P90,pessimistic,7.5,0.01193638704752757,83.77744421475792,3.6345432377995994,0.33307235063767626,4.838870851794942,1.9,0.5
SUP,P95,pessimistic,7.5,0.01193638704752757,83.77744421475792,3.6345432377995994,0.33307235063767626,4.838870851794942,1.9,0.5
SUP,median,pessimistic,8.0,0.015370750445778587,65.05863220716327,3.888735008401563,0.3595342073802183,5.449735212409264,1.9,0.5
SUP,P90,pessimistic,8.0,0.015370750445778587,65.05863220716327,3.888735008401563,0.3595342073802183,5.449735212409264,1.9,0.5
SUP,P95,pessimistic,8.0,0.015370750445778587,65.05863220716327,3.888735008401563,0.3595342073802183,5.449735212409264,1.9,0.5
SUP,median,pessimistic,8.5,0.019989975345528106,50.02507420419139,4.181307413190258,0.3900237950876315,6.167883243374417,1.9,0.5
SUP,P90,pessimistic,8.5,0.019989975345528106,50.02507420419139,4.181307413190258,0.3900237950876315,6.167883243374417,1.9,0.5
SUP,P95,pessimistic,8.5,0.019989975345528106,50.02507420419139,4.181307413190258,0.3900237950876315,6.167883243374417,1.9,0.5
SUP,median,pessimistic,9.0,0.0262989861541947,38.02427949643601,4.521879576477225,0.4255478575881277,7.020771404627612,1.9,0.5
SUP,P90,pessimistic,9.0,0.0262989861541947,38.02427949643601,4.521879576477225,0.4255478575881277,7.020771404627612,1.9,0.5
SUP,P95,pessimistic,9.0,0.0262989861541947,38.02427949643601,4.521879576477225,0.4255478575881277,7.020771404627612,1.9,0.5
SUP,median,pessimistic,9.5,0.03424585136594686,29.200617304388956,4.8583946453173725,0.46198811484779895,7.930003041885217,1.9,0.5
SUP,P90,pessimistic,9.5,0.03424585136594686,29.200617304388956,4.8583946453173725,0.46198811484779895,7.930003041885217,1.9,0.5
SUP,P95,pessimistic,9.5,0.03424585136594686,29.200617304388956,4.8583946453173725,0.46198811484779895,7.930003041885217,1.9,0.5
SUP,median,pessimistic,10.0,0.045339084577568474,22.05602537671769,5.263532475166406,0.5057194361776337,9.031764299582123,1.9,0.5
SUP,P90,pessimistic,10.0,0.045339084577568474,22.05602537671769,5.263532475166406,0.5057194361776337,9.031764299582123,1.9,0.5
SUP,P95,pessimistic,10.0,0.045339084577568474,22.05602537671769,5.263532475166406,0.5057194361776337,9.031764299582123,1.9,0.5
