segment,hydro_scenario,degradation_scenario,time_yr,max_FI,safety_factor,max_sigma_MPa,max_tau_MPa,max_defl_mm,q_total_N_m,deg_factor,veg_factor,wall_mm
SUP,median,optimistic,0.0,0.000228,999.0,0.8951,0.0927,0.3352,174.7167,1.0,0.018,15.0
SUP,median,optimistic,0.5,0.000168,999.0,0.7416,0.0786,0.2855,135.0465,0.9851,0.0474,14.5
SUP,median,optimistic,1.0,0.000125,999.0,0.6634,0.0664,0.2441,103.5094,0.9704,0.1192,14.0
SUP,median,optimistic,1.5,0.000105,999.0,0.587,0.0599,0.2206,86.0464,0.956,0.2689,13.5
SUP,median,optimistic,2.0,9.1e-05,999.0,0.5318,0.0551,0.2035,74.686,0.9418,0.5,13.0
SUP,median,optimistic,2.5,8.7e-05,999.0,0.5083,0.0532,0.1972,70.2344,0.9277,0.7311,12.5
SUP,median,optimistic,3.0,9.1e-05,999.0,0.5079,0.0535,0.1996,69.4926,0.9139,0.8808,12.0
SUP,median,optimistic,3.5,0.0001,999.0,0.5208,0.0553,0.2074,70.2018,0.9003,0.9526,11.5
SUP,median,optimistic,4.0,0.000114,999.0,0.5436,0.0582,0.2194,71.9813,0.8869,0.982,11.0
SUP,median,optimistic,4.5,0.00013,999.0,0.568,0.0614,0.2324,73.4405,0.8737,0.9933,10.5
SUP,median,optimistic,5.0,0.00015,999.0,0.5973,0.0651,0.2478,75.2435,0.8607,0.9975,10.0
SUP,median,optimistic,5.5,0.000172,999.0,0.6238,0.0687,0.2625,76.0521,0.8479,0.9991,9.5
SUP,median,optimistic,6.0,0.000198,999.0,0.6539,0.0727,0.2792,76.9558,0.8353,0.9997,9.0
SUP,median,optimistic,6.5,0.000227,999.0,0.6335,0.0772,0.2957,77.0088,0.8228,0.9999,8.5
SUP,median,optimistic,7.0,0.000261,999.0,0.6633,0.0817,0.3143,77.0772,0.8106,1.0,8.0
SUP,median,optimistic,7.5,0.000301,999.0,0.6941,0.0865,0.334,76.6731,0.7985,1.0,7.5
SUP,median,optimistic,8.0,0.000349,999.0,0.7296,0.0919,0.3564,76.2649,0.7866,1.0,7.0
SUP,median,optimistic,8.5,0.00041,999.0,0.7707,0.0981,0.3824,75.8526,0.7749,1.0,6.5
SUP,median,optimistic,9.0,0.000486,999.0,0.819,0.1054,0.4126,75.4362,0.7634,1.0,6.0
SUP,median,optimistic,9.5,0.00058,999.0,0.8721,0.1134,0.4463,74.5089,0.752,1.0,5.5
SUP,median,optimistic,10.0,0.000703,999.0,1.0088,0.1224,0.4867,73.571,0.7408,1.0,5.0
SUP,median,baseline,0.0,0.000228,999.0,0.8951,0.0927,0.3352,174.7167,1.0,0.018,15.0
SUP,median,baseline,0.5,0.000173,999.0,0.7416,0.0786,0.2898,135.0465,0.9704,0.0474,14.5
SUP,median,baseline,1.0,0.000133,999.0,0.6634,0.0664,0.2515,103.5094,0.9418,0.1192,14.0
SUP,median,baseline,1.5,0.000114,999.0,0.587,0.0599,0.2308,86.0464,0.9139,0.2689,13.5
SUP,median,baseline,2.0,0.000102,999.0,0.5318,0.0551,0.2161,74.686,0.8869,0.5,13.0
SUP,median,baseline,2.5,0.000101,999.0,0.5083,0.0532,0.2126,70.2344,0.8607,0.7311,12.5
SUP,median,baseline,3.0,0.000109,999.0,0.5079,0.0535,0.2184,69.4926,0.8353,0.8808,12.0
SUP,median,baseline,3.5,0.000123,999.0,0.5208,0.0553,0.2303,70.2018,0.8106,0.9526,11.5
SUP,median,baseline,4.0,0.000144,999.0,0.5436,0.0582,0.2473,71.9813,0.7866,0.982,11.0
SUP,median,baseline,4.5,0.00017,999.0,0.568,0.0614,0.266,73.4405,0.7634,0.9933,10.5
SUP,median,baseline,5.0,0.000203,999.0,0.5973,0.0651,0.2879,75.2435,0.7408,0.9975,10.0
SUP,median,baseline,5.5,0.000239,999.0,0.6238,0.0687,0.3096,76.0521,0.7189,0.9991,9.5
SUP,median,baseline,6.0,0.000284,999.0,0.6539,0.0727,0.3343,76.9558,0.6977,0.9997,9.0
SUP,median,baseline,6.5,0.000335,999.0,0.6335,0.0772,0.3594,77.0088,0.6771,0.9999,8.5
SUP,median,baseline,7.0,0.000398,999.0,0.6633,0.0817,0.3877,77.0772,0.657,1.0,8.0
SUP,median,baseline,7.5,0.000472,999.0,0.6941,0.0865,0.4182,76.6731,0.6376,1.0,7.5
SUP,median,baseline,8.0,0.000564,999.0,0.7296,0.0919,0.4531,76.2649,0.6188,1.0,7.0
SUP,median,baseline,8.5,0.000682,999.0,0.7707,0.0981,0.4934,75.8526,0.6005,1.0,6.5
SUP,median,baseline,9.0,0.000835,999.0,0.819,0.1054,0.5405,75.4362,0.5827,1.0,6.0
SUP,median,baseline,9.5,0.001026,975.09,0.8721,0.1134,0.5935,74.5089,0.5655,1.0,5.5
SUP,median,baseline,10.0,0.001281,780.5,1.0088,0.1224,0.657,73.571,0.5488,1.0,5.0
SUP,median,pessimistic,0.0,0.000228,999.0,0.8951,0.0927,0.3352,174.7167,1.0,0.018,15.0
SUP,median,pessimistic,0.5,0.00018,999.0,0.7416,0.0786,0.2957,135.0465,0.9512,0.0474,14.5
SUP,median,pessimistic,1.0,0.000144,999.0,0.6634,0.0664,0.2618,103.5094,0.9048,0.1192,14.0
SUP,median,pessimistic,1.5,0.000129,999.0,0.587,0.0599,0.245,86.0464,0.8607,0.2689,13.5
SUP,median,pessimistic,2.0,0.00012,999.0,0.5318,0.0551,0.2341,74.686,0.8187,0.5,13.0
SUP,median,pessimistic,2.5,0.000123,999.0,0.5083,0.0532,0.2349,70.2344,0.7788,0.7311,12.5
SUP,median,pessimistic,3.0,0.000138,999.0,0.5079,0.0535,0.2462,69.4926,0.7408,0.8808,12.0
SUP,median,pessimistic,3.5,0.000163,999.0,0.5208,0.0553,0.2649,70.2018,0.7047,0.9526,11.5
SUP,median,pessimistic,4.0,0.000199,999.0,0.5436,0.0582,0.2902,71.9813,0.6703,0.982,11.0
SUP,median,pessimistic,4.5,0.000244,999.0,0.568,0.0614,0.3185,73.4405,0.6376,0.9933,10.5
SUP,median,pessimistic,5.0,0.000303,999.0,0.5973,0.0651,0.3516,75.2435,0.6065,0.9975,10.0
SUP,median,pessimistic,5.5,0.000372,999.0,0.6238,0.0687,0.3858,76.0521,0.5769,0.9991,9.5
SUP,median,pessimistic,6.0,0.00046,999.0,0.6539,0.0727,0.425,76.9558,0.5488,0.9997,9.0
SUP,median,pessimistic,6.5,0.000564,999.0,0.6335,0.0772,0.4661,77.0088,0.522,0.9999,8.5
SUP,median,pessimistic,7.0,0.000696,999.0,0.6633,0.0817,0.513,77.0772,0.4966,1.0,8.0
SUP,median,pessimistic,7.5,0.00086,999.0,0.6941,0.0865,0.5645,76.6731,0.4724,1.0,7.5
SUP,median,pessimistic,8.0,0.00107,934.15,0.7296,0.0919,0.624,76.2649,0.4493,1.0,7.0
SUP,median,pessimistic,8.5,0.001347,742.48,0.7707,0.0981,0.6932,75.8526,0.4274,1.0,6.5
SUP,median,pessimistic,9.0,0.001715,583.24,0.819,0.1054,0.7747,75.4362,0.4066,1.0,6.0
SUP,median,pessimistic,9.5,0.002193,456.01,0.8721,0.1134,0.8678,74.5089,0.3867,1.0,5.5
SUP,median,pessimistic,10.0,0.002851,350.7,1.0088,0.1224,0.9801,73.571,0.3679,1.0,5.0
SUP,P90,optimistic,0.0,0.001573,635.64,2.4568,0.2421,0.8811,386.7362,1.0,0.018,15.0
SUP,P90,optimistic,0.5,0.001389,720.12,2.2308,0.2246,0.8182,327.526,0.9851,0.0474,14.5
SUP,P90,optimistic,1.0,0.001113,898.26,1.9202,0.1987,0.7233,253.4991,0.9704,0.1192,14.0
SUP,P90,optimistic,1.5,0.000923,999.0,1.6861,0.1787,0.6506,202.3322,0.956,0.2689,13.5
SUP,P90,optimistic,2.0,0.000737,999.0,1.453,0.1577,0.5742,157.4708,0.9418,0.5,13.0
SUP,P90,optimistic,2.5,0.000633,999.0,1.306,0.1442,0.5264,132.1947,0.9277,0.7311,12.5
SUP,P90,optimistic,3.0,0.000585,999.0,1.2196,0.1368,0.5008,115.9879,0.9139,0.8808,12.0
SUP,P90,optimistic,3.5,0.000593,999.0,1.1938,0.1358,0.4987,108.1708,0.9003,0.9526,11.5
SUP,P90,optimistic,4.0,0.000625,999.0,1.1931,0.1375,0.5069,102.9221,0.8869,0.982,11.0
SUP,P90,optimistic,4.5,0.000678,999.0,1.2106,0.1413,0.5228,99.7913,0.8737,0.9933,10.5
SUP,P90,optimistic,5.0,0.000745,999.0,1.2359,0.1461,0.5424,97.1905,0.8607,0.9975,10.0
SUP,P90,optimistic,5.5,0.00083,999.0,1.2708,0.152,0.5667,95.5125,0.8479,0.9991,9.5
SUP,P90,optimistic,6.0,0.00093,999.0,1.3114,0.1587,0.5941,93.9516,0.8353,0.9997,9.0
SUP,P90,optimistic,6.5,0.001053,949.78,1.3599,0.1665,0.6258,92.776,0.8228,0.9999,8.5
SUP,P90,optimistic,7.0,0.0012,833.31,1.4152,0.1752,0.6615,91.6188,0.8106,1.0,8.0
SUP,P90,optimistic,7.5,0.00138,724.62,1.4795,0.1853,0.7024,90.6025,0.7985,1.0,7.5
SUP,P90,optimistic,8.0,0.001601,624.55,1.5537,0.1968,0.7492,89.5828,0.7866,1.0,7.0
SUP,P90,optimistic,8.5,0.001877,532.86,1.6399,0.21,0.8031,88.5593,0.7749,1.0,6.5
SUP,P90,optimistic,9.0,0.002226,449.29,1.7411,0.2255,0.8661,87.5322,0.7634,1.0,6.0
SUP,P90,optimistic,9.5,0.002679,373.29,1.8623,0.2439,0.9409,86.6049,0.752,1.0,5.5
SUP,P90,optimistic,10.0,0.003278,305.08,2.0085,0.266,1.0306,85.667,0.7408,1.0,5.0
SUP,P90,baseline,0.0,0.001573,635.64,2.4568,0.2421,0.8811,386.7362,1.0,0.018,15.0
SUP,P90,baseline,0.5,0.001431,698.83,2.2308,0.2246,0.8306,327.526,0.9704,0.0474,14.5
SUP,P90,baseline,1.0,0.001182,845.95,1.9202,0.1987,0.7453,253.4991,0.9418,0.1192,14.0
SUP,P90,baseline,1.5,0.00101,990.2,1.6861,0.1787,0.6805,202.3322,0.9139,0.2689,13.5
SUP,P90,baseline,2.0,0.000831,999.0,1.453,0.1577,0.6097,157.4708,0.8869,0.5,13.0
SUP,P90,baseline,2.5,0.000735,999.0,1.306,0.1442,0.5674,132.1947,0.8607,0.7311,12.5
SUP,P90,baseline,3.0,0.000701,999.0,1.2196,0.1368,0.548,115.9879,0.8353,0.8808,12.0
SUP,P90,baseline,3.5,0.000731,999.0,1.1938,0.1358,0.5539,108.1708,0.8106,0.9526,11.5
SUP,P90,baseline,4.0,0.000795,999.0,1.1931,0.1375,0.5715,102.9221,0.7866,0.982,11.0
SUP,P90,baseline,4.5,0.000889,999.0,1.2106,0.1413,0.5983,99.7913,0.7634,0.9933,10.5
SUP,P90,baseline,5.0,0.001006,994.02,1.2359,0.1461,0.6302,97.1905,0.7408,0.9975,10.0
SUP,P90,baseline,5.5,0.001154,866.36,1.2708,0.152,0.6683,95.5125,0.7189,0.9991,9.5
SUP,P90,baseline,6.0,0.001333,749.91,1.3114,0.1587,0.7112,93.9516,0.6977,0.9997,9.0
SUP,P90,baseline,6.5,0.001555,643.06,1.3599,0.1665,0.7605,92.776,0.6771,0.9999,8.5
SUP,P90,baseline,7.0,0.001826,547.53,1.4152,0.1752,0.816,91.6188,0.657,1.0,8.0
SUP,P90,baseline,7.5,0.002164,462.04,1.4795,0.1853,0.8796,90.6025,0.6376,1.0,7.5
SUP,P90,baseline,8.0,0.002588,386.46,1.5537,0.1968,0.9524,89.5828,0.6188,1.0,7.0
SUP,P90,baseline,8.5,0.003125,319.98,1.6399,0.21,1.0364,88.5593,0.6005,1.0,6.5
SUP,P90,baseline,9.0,0.003819,261.82,1.7411,0.2255,1.1345,87.5322,0.5827,1.0,6.0
SUP,P90,baseline,9.5,0.004737,211.11,1.8623,0.2439,1.2511,86.6049,0.5655,1.0,5.5
SUP,P90,baseline,10.0,0.005973,167.43,2.0085,0.266,1.3912,85.667,0.5488,1.0,5.0
SUP,P90,pessimistic,0.0,0.001573,635.64,2.4568,0.2421,0.8811,386.7362,1.0,0.018,15.0
SUP,P90,pessimistic,0.5,0.001489,671.43,2.2308,0.2246,0.8474,327.526,0.9512,0.0474,14.5
SUP,P90,pessimistic,1.0,0.001281,780.91,1.9202,0.1987,0.7757,253.4991,0.9048,0.1192,14.0
SUP,P90,pessimistic,1.5,0.001139,878.23,1.6861,0.1787,0.7226,202.3322,0.8607,0.2689,13.5
SUP,P90,pessimistic,2.0,0.000975,999.0,1.453,0.1577,0.6605,157.4708,0.8187,0.5,13.0
SUP,P90,pessimistic,2.5,0.000898,999.0,1.306,0.1442,0.6271,132.1947,0.7788,0.7311,12.5
SUP,P90,pessimistic,3.0,0.000891,999.0,1.2196,0.1368,0.6178,115.9879,0.7408,0.8808,12.0
SUP,P90,pessimistic,3.5,0.000967,999.0,1.1938,0.1358,0.6371,108.1708,0.7047,0.9526,11.5
SUP,P90,pessimistic,4.0,0.001094,913.93,1.1931,0.1375,0.6707,102.9221,0.6703,0.982,11.0
SUP,P90,pessimistic,4.5,0.001274,785.06,1.2106,0.1413,0.7163,99.7913,0.6376,0.9933,10.5
SUP,P90,pessimistic,5.0,0.001501,666.31,1.2359,0.1461,0.7697,97.1905,0.6065,0.9975,10.0
SUP,P90,pessimistic,5.5,0.001792,557.97,1.2708,0.152,0.8328,95.5125,0.5769,0.9991,9.5
SUP,P90,pessimistic,6.0,0.002155,464.03,1.3114,0.1587,0.9042,93.9516,0.5488,0.9997,9.0
SUP,P90,pessimistic,6.5,0.002616,382.31,1.3599,0.1665,0.9863,92.776,0.522,0.9999,8.5
SUP,P90,pessimistic,7.0,0.003197,312.75,1.4152,0.1752,1.0797,91.6188,0.4966,1.0,8.0
SUP,P90,pessimistic,7.5,0.003944,253.57,1.4795,0.1853,1.1874,90.6025,0.4724,1.0,7.5
SUP,P90,pessimistic,8.0,0.004907,203.78,1.5537,0.1968,1.3115,89.5828,0.4493,1.0,7.0
SUP,P90,pessimistic,8.5,0.006169,162.11,1.6399,0.21,1.4561,88.5593,0.4274,1.0,6.5
SUP,P90,pessimistic,9.0,0.007847,127.44,1.7411,0.2255,1.6261,87.5322,0.4066,1.0,6.0
SUP,P90,pessimistic,9.5,0.010129,98.73,1.8623,0.2439,1.8295,86.6049,0.3867,1.0,5.5
SUP,P90,pessimistic,10.0,0.013292,75.23,2.0085,0.266,2.0754,85.667,0.3679,1.0,5.0
SUP,P95,optimistic,0.0,0.005409,184.86,4.5226,0.4493,1.6314,684.5778,1.0,0.018,15.0
SUP,P95,optimistic,0.5,0.005009,199.62,4.214,0.4269,1.5523,599.7617,0.9851,0.0474,14.5
SUP,P95,optimistic,1.0,0.00409,244.53,3.6612,0.3811,1.3847,467.7708,0.9704,0.1192,14.0
SUP,P95,optimistic,1.5,0.003383,295.6,3.2088,0.3423,1.244,369.6616,0.956,0.2689,13.5
SUP,P95,optimistic,2.0,0.002639,378.87,2.7272,0.2987,1.0849,277.4708,0.9418,0.5,13.0
SUP,P95,optimistic,2.5,0.002199,454.76,2.4069,0.2691,0.9787,222.4107,0.9277,0.7311,12.5
SUP,P95,optimistic,3.0,0.00196,510.08,2.1986,0.2508,0.9135,183.9944,0.9139,0.8808,12.0
SUP,P95,optimistic,3.5,0.001931,517.77,2.1173,0.2456,0.8968,163.8782,0.9003,0.9526,11.5
SUP,P95,optimistic,4.0,0.001983,504.24,2.0819,0.2455,0.8988,148.4617,0.8869,0.982,11.0
SUP,P95,optimistic,4.5,0.002112,473.47,2.0878,0.2499,0.9178,138.664,0.8737,0.9933,10.5
SUP,P95,optimistic,5.0,0.002274,439.68,2.1054,0.2557,0.9423,129.6439,0.8607,0.9975,10.0
SUP,P95,optimistic,5.5,0.002505,399.16,2.1504,0.2647,0.9788,124.33,0.8479,0.9991,9.5
SUP,P95,optimistic,6.0,0.002777,360.04,2.2035,0.2748,1.0201,119.1572,0.8353,0.9997,9.0
SUP,P95,optimistic,6.5,0.00313,319.51,2.2786,0.2877,1.072,116.1779,0.8228,0.9999,8.5
SUP,P95,optimistic,7.0,0.003552,281.56,2.3645,0.3022,1.1305,113.2194,0.8106,1.0,8.0
SUP,P95,optimistic,7.5,0.004082,245.0,2.4705,0.3194,1.1999,111.3028,0.7985,1.0,7.5
SUP,P95,optimistic,8.0,0.004732,211.31,2.5927,0.3391,1.2792,109.3829,0.7866,1.0,7.0
SUP,P95,optimistic,8.5,0.005543,180.41,2.7348,0.3618,1.3708,107.4594,0.7749,1.0,6.5
SUP,P95,optimistic,9.0,0.00657,152.22,2.9018,0.3883,1.4776,105.5322,0.7634,1.0,6.0
SUP,P95,optimistic,9.5,0.007933,126.06,3.1094,0.4206,1.6078,104.6049,0.752,1.0,5.5
SUP,P95,optimistic,10.0,0.009738,102.69,3.3596,0.4594,1.7641,103.667,0.7408,1.0,5.0
SUP,P95,baseline,0.0,0.005409,184.86,4.5226,0.4493,1.6314,684.5778,1.0,0.018,15.0
SUP,P95,baseline,0.5,0.005162,193.72,4.214,0.4269,1.5758,599.7617,0.9704,0.0474,14.5
SUP,P95,baseline,1.0,0.004342,230.29,3.6612,0.3811,1.4269,467.7708,0.9418,0.1192,14.0
SUP,P95,baseline,1.5,0.003702,270.15,3.2088,0.3423,1.3012,369.6616,0.9139,0.2689,13.5
SUP,P95,baseline,2.0,0.002976,336.03,2.7272,0.2987,1.152,277.4708,0.8869,0.5,13.0
SUP,P95,baseline,2.5,0.002555,391.41,2.4069,0.2691,1.055,222.4107,0.8607,0.7311,12.5
SUP,P95,baseline,3.0,0.002347,426.05,2.1986,0.2508,0.9995,183.9944,0.8353,0.8808,12.0
SUP,P95,baseline,3.5,0.002383,419.7,2.1173,0.2456,0.9961,163.8782,0.8106,0.9526,11.5
SUP,P95,baseline,4.0,0.002521,396.65,2.0819,0.2455,1.0134,148.4617,0.7866,0.982,11.0
SUP,P95,baseline,4.5,0.002767,361.44,2.0878,0.2499,1.0504,138.664,0.7634,0.9933,10.5
SUP,P95,baseline,5.0,0.00307,325.72,2.1054,0.2557,1.0948,129.6439,0.7408,0.9975,10.0
SUP,P95,baseline,5.5,0.003485,286.97,2.1504,0.2647,1.1544,124.33,0.7189,0.9991,9.5
SUP,P95,baseline,6.0,0.003981,251.19,2.2035,0.2748,1.2212,119.1572,0.6977,0.9997,9.0
SUP,P95,baseline,6.5,0.004623,216.32,2.2786,0.2877,1.3028,116.1779,0.6771,0.9999,8.5
SUP,P95,baseline,7.0,0.005406,185.0,2.3645,0.3022,1.3947,113.2194,0.657,1.0,8.0
SUP,P95,baseline,7.5,0.006401,156.22,2.4705,0.3194,1.5026,111.3028,0.6376,1.0,7.5
SUP,P95,baseline,8.0,0.007648,130.76,2.5927,0.3391,1.6262,109.3829,0.6188,1.0,7.0
SUP,P95,baseline,8.5,0.009231,108.33,2.7348,0.3618,1.7689,107.4594,0.6005,1.0,6.5
SUP,P95,baseline,9.0,0.011273,88.7,2.9018,0.3883,1.9356,105.5322,0.5827,1.0,6.0
SUP,P95,baseline,9.5,0.014027,71.29,3.1094,0.4206,2.138,104.6049,0.5655,1.0,5.5
SUP,P95,baseline,10.0,0.017745,56.36,3.3596,0.4594,2.3813,103.667,0.5488,1.0,5.0
SUP,P95,pessimistic,0.0,0.005409,184.86,4.5226,0.4493,1.6314,684.5778,1.0,0.018,15.0
SUP,P95,pessimistic,0.5,0.005373,186.13,4.214,0.4269,1.6076,599.7617,0.9512,0.0474,14.5
SUP,P95,pessimistic,1.0,0.004704,212.58,3.6612,0.3811,1.4851,467.7708,0.9048,0.1192,14.0
SUP,P95,pessimistic,1.5,0.004174,239.61,3.2088,0.3423,1.3817,369.6616,0.8607,0.2689,13.5
SUP,P95,pessimistic,2.0,0.003492,286.35,2.7272,0.2987,1.2479,277.4708,0.8187,0.5,13.0
SUP,P95,pessimistic,2.5,0.00312,320.46,2.4069,0.2691,1.1659,222.4107,0.7788,0.7311,12.5
SUP,P95,pessimistic,3.0,0.002984,335.15,2.1986,0.2508,1.127,183.9944,0.7408,0.8808,12.0
SUP,P95,pessimistic,3.5,0.003153,317.2,2.1173,0.2456,1.1458,163.8782,0.7047,0.9526,11.5
SUP,P95,pessimistic,4.0,0.003472,288.02,2.0819,0.2455,1.1893,148.4617,0.6703,0.982,11.0
SUP,P95,pessimistic,4.5,0.003966,252.17,2.0878,0.2499,1.2576,138.664,0.6376,0.9933,10.5
SUP,P95,pessimistic,5.0,0.00458,218.34,2.1054,0.2557,1.3372,129.6439,0.6065,0.9975,10.0
SUP,P95,pessimistic,5.5,0.005411,184.82,2.1504,0.2647,1.4385,124.33,0.5769,0.9991,9.5
SUP,P95,pessimistic,6.0,0.006434,155.43,2.2035,0.2748,1.5525,119.1572,0.5488,0.9997,9.0
SUP,P95,pessimistic,6.5,0.007775,128.61,2.2786,0.2877,1.6896,116.1779,0.522,0.9999,8.5
SUP,P95,pessimistic,7.0,0.009463,105.67,2.3645,0.3022,1.8453,113.2194,0.4966,1.0,8.0
SUP,P95,pessimistic,7.5,0.011664,85.74,2.4705,0.3194,2.0284,111.3028,0.4724,1.0,7.5
SUP,P95,pessimistic,8.0,0.014504,68.95,2.5927,0.3391,2.2395,109.3829,0.4493,1.0,7.0
SUP,P95,pessimistic,8.5,0.01822,54.88,2.7348,0.3618,2.4852,107.4594,0.4274,1.0,6.5
SUP,P95,pessimistic,9.0,0.02316,43.18,2.9018,0.3883,2.7743,105.5322,0.4066,1.0,6.0
SUP,P95,pessimistic,9.5,0.029994,33.34,3.1094,0.4206,3.1264,104.6049,0.3867,1.0,5.5
SUP,P95,pessimistic,10.0,0.039491,25.32,3.3596,0.4594,3.5524,103.667,0.3679,1.0,5.0
MED,median,optimistic,0.0,0.000614,999.0,1.4966,0.1517,0.5472,318.6941,1.0,0.018,15.0
MED,median,optimistic,0.5,0.000393,999.0,1.1587,0.1199,0.4347,233.0505,0.9851,0.0474,14.5
MED,median,optimistic,1.0,0.000258,999.0,0.9064,0.0959,0.3496,170.4503,0.9704,0.1192,14.0
MED,median,optimistic,1.5,0.000202,999.0,0.7769,0.0837,0.3066,138.673,0.956,0.2689,13.5
MED,median,optimistic,2.0,0.000174,999.0,0.7025,0.0767,0.2823,121.1215,0.9418,0.5,13.0
MED,median,optimistic,2.5,0.000174,999.0,0.6864,0.0756,0.2793,116.7501,0.9277,0.7311,12.5
MED,median,optimistic,3.0,0.000194,999.0,0.7097,0.0787,0.2918,119.7057,0.9139,0.8808,12.0
MED,median,optimistic,3.5,0.000226,999.0,0.748,0.0836,0.3112,124.3993,0.9003,0.9526,11.5
MED,median,optimistic,4.0,0.000271,999.0,0.8027,0.0905,0.338,131.2133,0.8869,0.982,11.0
MED,median,optimistic,4.5,0.000323,999.0,0.8562,0.0973,0.3652,136.732,0.8737,0.9933,10.5
MED,median,optimistic,5.0,0.00039,999.0,0.9188,0.1054,0.397,143.0149,0.8607,0.9975,10.0
MED,median,optimistic,5.5,0.000458,999.0,0.9722,0.1126,0.4259,146.5687,0.8479,0.9991,9.5
MED,median,optimistic,6.0,0.000541,999.0,1.0325,0.1207,0.4587,150.3516,0.8353,0.9997,9.0
MED,median,optimistic,6.5,0.000629,999.0,1.0859,0.1283,0.4895,151.8945,0.8228,0.9999,8.5
MED,median,optimistic,7.0,0.000736,999.0,1.1463,0.1368,0.5243,153.4861,0.8106,1.0,8.0
MED,median,optimistic,7.5,0.000856,999.0,1.2067,0.1455,0.5602,153.8561,0.7985,1.0,7.5
MED,median,optimistic,8.0,0.001005,994.75,1.2759,0.1554,0.6012,154.2304,0.7866,1.0,7.0
MED,median,optimistic,8.5,0.001193,838.48,1.3561,0.1669,0.6486,154.609,0.7749,1.0,6.5
MED,median,optimistic,9.0,0.001432,698.39,1.4499,0.1803,0.7039,154.9919,0.7634,1.0,6.0
MED,median,optimistic,9.5,0.001719,581.61,1.5499,0.1948,0.764,154.0646,0.752,1.0,5.5
MED,median,optimistic,10.0,0.002099,476.46,1.6705,0.2122,0.8361,153.1267,0.7408,1.0,5.0
MED,median,baseline,0.0,0.000614,999.0,1.4966,0.1517,0.5472,318.6941,1.0,0.018,15.0
MED,median,baseline,0.5,0.000405,999.0,1.1587,0.1199,0.4413,233.0505,0.9704,0.0474,14.5
MED,median,baseline,1.0,0.000274,999.0,0.9064,0.0959,0.3603,170.4503,0.9418,0.1192,14.0
MED,median,baseline,1.5,0.000221,999.0,0.7769,0.0837,0.3207,138.673,0.9139,0.2689,13.5
MED,median,baseline,2.0,0.000197,999.0,0.7025,0.0767,0.2997,121.1215,0.8869,0.5,13.0
MED,median,baseline,2.5,0.000202,999.0,0.6864,0.0756,0.301,116.7501,0.8607,0.7311,12.5
MED,median,baseline,3.0,0.000233,999.0,0.7097,0.0787,0.3193,119.7057,0.8353,0.8808,12.0
MED,median,baseline,3.5,0.000278,999.0,0.748,0.0836,0.3457,124.3993,0.8106,0.9526,11.5
MED,median,baseline,4.0,0.000345,999.0,0.8027,0.0905,0.3811,131.2133,0.7866,0.982,11.0
MED,median,baseline,4.5,0.000424,999.0,0.8562,0.0973,0.4179,136.732,0.7634,0.9933,10.5
MED,median,baseline,5.0,0.000526,999.0,0.9188,0.1054,0.4612,143.0149,0.7408,0.9975,10.0
MED,median,baseline,5.5,0.000637,999.0,0.9722,0.1126,0.5023,146.5687,0.7189,0.9991,9.5
MED,median,baseline,6.0,0.000776,999.0,1.0325,0.1207,0.5491,150.3516,0.6977,0.9997,9.0
MED,median,baseline,6.5,0.000929,999.0,1.0859,0.1283,0.5949,151.8945,0.6771,0.9999,8.5
MED,median,baseline,7.0,0.00112,893.22,1.1463,0.1368,0.6468,153.4861,0.657,1.0,8.0
MED,median,baseline,7.5,0.001343,744.81,1.2067,0.1455,0.7015,153.8561,0.6376,1.0,7.5
MED,median,baseline,8.0,0.001625,615.53,1.2759,0.1554,0.7643,154.2304,0.6188,1.0,7.0
MED,median,baseline,8.5,0.001986,503.5,1.3561,0.1669,0.837,154.609,0.6005,1.0,6.5
MED,median,baseline,9.0,0.002457,406.98,1.4499,0.1803,0.922,154.9919,0.5827,1.0,6.0
MED,median,baseline,9.5,0.00304,328.92,1.5499,0.1948,1.0159,154.0646,0.5655,1.0,5.5
MED,median,baseline,10.0,0.003824,261.49,1.6705,0.2122,1.1286,153.1267,0.5488,1.0,5.0
MED,median,pessimistic,0.0,0.000614,999.0,1.4966,0.1517,0.5472,318.6941,1.0,0.018,15.0
MED,median,pessimistic,0.5,0.000422,999.0,1.1587,0.1199,0.4502,233.0505,0.9512,0.0474,14.5
MED,median,pessimistic,1.0,0.000297,999.0,0.9064,0.0959,0.375,170.4503,0.9048,0.1192,14.0
MED,median,pessimistic,1.5,0.000249,999.0,0.7769,0.0837,0.3406,138.673,0.8607,0.2689,13.5
MED,median,pessimistic,2.0,0.000231,999.0,0.7025,0.0767,0.3247,121.1215,0.8187,0.5,13.0
MED,median,pessimistic,2.5,0.000247,999.0,0.6864,0.0756,0.3327,116.7501,0.7788,0.7311,12.5
MED,median,pessimistic,3.0,0.000296,999.0,0.7097,0.0787,0.36,119.7057,0.7408,0.8808,12.0
MED,median,pessimistic,3.5,0.000368,999.0,0.748,0.0836,0.3976,124.3993,0.7047,0.9526,11.5
MED,median,pessimistic,4.0,0.000475,999.0,0.8027,0.0905,0.4472,131.2133,0.6703,0.982,11.0
MED,median,pessimistic,4.5,0.000607,999.0,0.8562,0.0973,0.5004,136.732,0.6376,0.9933,10.5
MED,median,pessimistic,5.0,0.000785,999.0,0.9188,0.1054,0.5633,143.0149,0.6065,0.9975,10.0
MED,median,pessimistic,5.5,0.000989,999.0,0.9722,0.1126,0.6259,146.5687,0.5769,0.9991,9.5
MED,median,pessimistic,6.0,0.001254,797.3,1.0325,0.1207,0.6981,150.3516,0.5488,0.9997,9.0
MED,median,pessimistic,6.5,0.001562,640.14,1.0859,0.1283,0.7715,151.8945,0.522,0.9999,8.5
MED,median,pessimistic,7.0,0.00196,510.21,1.1463,0.1368,0.8558,153.4861,0.4966,1.0,8.0
MED,median,pessimistic,7.5,0.002446,408.76,1.2067,0.1455,0.947,153.8561,0.4724,1.0,7.5
MED,median,pessimistic,8.0,0.003081,324.57,1.2759,0.1554,1.0525,154.2304,0.4493,1.0,7.0
MED,median,pessimistic,8.5,0.00392,255.08,1.3561,0.1669,1.1759,154.609,0.4274,1.0,6.5
MED,median,pessimistic,9.0,0.005048,198.1,1.4499,0.1803,1.3216,154.9919,0.4066,1.0,6.0
MED,median,pessimistic,9.5,0.006501,153.82,1.5499,0.1948,1.4855,154.0646,0.3867,1.0,5.5
MED,median,pessimistic,10.0,0.008511,117.49,1.6705,0.2122,1.6836,153.1267,0.3679,1.0,5.0
MED,P90,optimistic,0.0,0.002518,397.13,2.9431,0.3084,1.116,546.2679,1.0,0.018,15.0
MED,P90,optimistic,0.5,0.001951,512.62,2.6864,0.2657,0.9731,429.2251,0.9851,0.0474,14.5
MED,P90,optimistic,1.0,0.001451,689.08,2.2249,0.2265,0.8284,320.1756,0.9704,0.1192,14.0
MED,P90,optimistic,1.5,0.001164,859.2,1.9209,0.2003,0.7328,252.6576,0.956,0.2689,13.5
MED,P90,optimistic,2.0,0.000929,999.0,1.6579,0.1767,0.6471,200.3942,0.9418,0.5,13.0
MED,P90,optimistic,2.5,0.000821,999.0,1.5153,0.1639,0.6019,175.0012,0.9277,0.7311,12.5
MED,P90,optimistic,3.0,0.000794,999.0,1.4521,0.159,0.586,162.3682,0.9139,0.8808,12.0
MED,P90,optimistic,3.5,0.000835,999.0,1.453,0.1607,0.5951,158.4873,0.9003,0.9526,11.5
MED,P90,optimistic,4.0,0.000916,999.0,1.4863,0.166,0.6176,158.1805,0.8869,0.982,11.0
MED,P90,optimistic,4.5,0.001025,975.49,1.5349,0.1732,0.6471,159.0511,0.8737,0.9933,10.5
MED,P90,optimistic,5.0,0.001163,860.01,1.5963,0.1819,0.6826,160.8772,0.8607,0.9975,10.0
MED,P90,optimistic,5.5,0.00132,757.29,1.6604,0.1911,0.7205,161.9223,0.8479,0.9991,9.5
MED,P90,optimistic,6.0,0.001511,661.84,1.7338,0.2015,0.7634,163.2234,0.8353,0.9997,9.0
MED,P90,optimistic,6.5,0.001729,578.34,1.8098,0.2126,0.8089,163.5316,0.8228,0.9999,8.5
MED,P90,optimistic,7.0,0.001993,501.7,1.8961,0.225,0.8601,163.8932,0.8106,1.0,8.0
MED,P90,optimistic,7.5,0.002307,433.44,1.9901,0.2387,0.9165,163.6495,0.7985,1.0,7.5
MED,P90,optimistic,8.0,0.002694,371.13,2.0982,0.2544,0.981,163.4111,0.7866,1.0,7.0
MED,P90,optimistic,8.5,0.003179,314.53,2.2236,0.2724,1.0554,163.1779,0.7749,1.0,6.5
MED,P90,optimistic,9.0,0.003796,263.42,2.3705,0.2935,1.1422,162.9498,0.7634,1.0,6.0
MED,P90,optimistic,9.5,0.004577,218.5,2.5386,0.3177,1.242,162.0225,0.752,1.0,5.5
MED,P90,optimistic,10.0,0.005609,178.28,2.7412,0.3468,1.3618,161.0846,0.7408,1.0,5.0
MED,P90,baseline,0.0,0.002518,397.13,2.9431,0.3084,1.116,546.2679,1.0,0.018,15.0
MED,P90,baseline,0.5,0.00201,497.47,2.6864,0.2657,0.9878,429.2251,0.9704,0.0474,14.5
MED,P90,baseline,1.0,0.001541,648.95,2.2249,0.2265,0.8536,320.1756,0.9418,0.1192,14.0
MED,P90,baseline,1.5,0.001273,785.25,1.9209,0.2003,0.7666,252.6576,0.9139,0.2689,13.5
MED,P90,baseline,2.0,0.001048,954.53,1.6579,0.1767,0.6871,200.3942,0.8869,0.5,13.0
MED,P90,baseline,2.5,0.000954,999.0,1.5153,0.1639,0.6488,175.0012,0.8607,0.7311,12.5
MED,P90,baseline,3.0,0.00095,999.0,1.4521,0.159,0.6412,162.3682,0.8353,0.8808,12.0
MED,P90,baseline,3.5,0.00103,971.32,1.453,0.1607,0.661,158.4873,0.8106,0.9526,11.5
MED,P90,baseline,4.0,0.001165,858.69,1.4863,0.166,0.6963,158.1805,0.7866,0.982,11.0
MED,P90,baseline,4.5,0.001343,744.67,1.5349,0.1732,0.7406,159.0511,0.7634,0.9933,10.5
MED,P90,baseline,5.0,0.00157,637.11,1.5963,0.1819,0.7931,160.8772,0.7408,0.9975,10.0
MED,P90,baseline,5.5,0.001837,544.43,1.6604,0.1911,0.8498,161.9223,0.7189,0.9991,9.5
MED,P90,baseline,6.0,0.002166,461.75,1.7338,0.2015,0.914,163.2234,0.6977,0.9997,9.0
MED,P90,baseline,6.5,0.002554,391.57,1.8098,0.2126,0.983,163.5316,0.6771,0.9999,8.5
MED,P90,baseline,7.0,0.003034,329.64,1.8961,0.225,1.0611,163.8932,0.657,1.0,8.0
MED,P90,baseline,7.5,0.003618,276.37,1.9901,0.2387,1.1478,163.6495,0.6376,1.0,7.5
MED,P90,baseline,8.0,0.004354,229.65,2.0982,0.2544,1.247,163.4111,0.6188,1.0,7.0
MED,P90,baseline,8.5,0.005294,188.88,2.2236,0.2724,1.3619,163.1779,0.6005,1.0,6.5
MED,P90,baseline,9.0,0.006514,153.51,2.3705,0.2935,1.4962,162.9498,0.5827,1.0,6.0
MED,P90,baseline,9.5,0.008093,123.57,2.5386,0.3177,1.6516,162.0225,0.5655,1.0,5.5
MED,P90,baseline,10.0,0.010221,97.84,2.7412,0.3468,1.8383,161.0846,0.5488,1.0,5.0
MED,P90,pessimistic,0.0,0.002518,397.13,2.9431,0.3084,1.116,546.2679,1.0,0.018,15.0
MED,P90,pessimistic,0.5,0.002092,477.96,2.6864,0.2657,1.0078,429.2251,0.9512,0.0474,14.5
MED,P90,pessimistic,1.0,0.001669,599.05,2.2249,0.2265,0.8885,320.1756,0.9048,0.1192,14.0
MED,P90,pessimistic,1.5,0.001436,696.46,1.9209,0.2003,0.814,252.6576,0.8607,0.2689,13.5
MED,P90,pessimistic,2.0,0.001229,813.4,1.6579,0.1767,0.7443,200.3942,0.8187,0.5,13.0
MED,P90,pessimistic,2.5,0.001165,858.35,1.5153,0.1639,0.717,175.0012,0.7788,0.7311,12.5
MED,P90,pessimistic,3.0,0.001208,827.68,1.4521,0.159,0.723,162.3682,0.7408,0.8808,12.0
MED,P90,pessimistic,3.5,0.001362,734.11,1.453,0.1607,0.7603,158.4873,0.7047,0.9526,11.5
MED,P90,pessimistic,4.0,0.001604,623.54,1.4863,0.166,0.8171,158.1805,0.6703,0.982,11.0
MED,P90,pessimistic,4.5,0.001925,519.54,1.5349,0.1732,0.8867,159.0511,0.6376,0.9933,10.5
MED,P90,pessimistic,5.0,0.002342,427.07,1.5963,0.1819,0.9687,160.8772,0.6065,0.9975,10.0
MED,P90,pessimistic,5.5,0.002852,350.64,1.6604,0.1911,1.0589,161.9223,0.5769,0.9991,9.5
MED,P90,pessimistic,6.0,0.0035,285.72,1.7338,0.2015,1.1619,163.2234,0.5488,0.9997,9.0
MED,P90,pessimistic,6.5,0.004296,232.8,1.8098,0.2126,1.2749,163.5316,0.522,0.9999,8.5
MED,P90,pessimistic,7.0,0.005311,188.29,1.8961,0.225,1.404,163.8932,0.4966,1.0,8.0
MED,P90,pessimistic,7.5,0.006593,151.68,1.9901,0.2387,1.5493,163.6495,0.4724,1.0,7.5
MED,P90,pessimistic,8.0,0.008258,121.09,2.0982,0.2544,1.7173,163.4111,0.4493,1.0,7.0
MED,P90,pessimistic,8.5,0.010451,95.69,2.2236,0.2724,1.9134,163.1779,0.4274,1.0,6.5
MED,P90,pessimistic,9.0,0.013383,74.72,2.3705,0.2935,2.1446,162.9498,0.4066,1.0,6.0
MED,P90,pessimistic,9.5,0.017304,57.79,2.5386,0.3177,2.4151,162.0225,0.3867,1.0,5.5
MED,P90,pessimistic,10.0,0.022747,43.96,2.7412,0.3468,2.7424,161.0846,0.3679,1.0,5.0
MED,P95,optimistic,0.0,0.007043,141.99,5.2241,0.5118,1.8663,844.1096,1.0,0.018,15.0
MED,P95,optimistic,0.5,0.005928,168.68,4.6245,0.4639,1.6918,691.3924,0.9851,0.0474,14.5
MED,P95,optimistic,1.0,0.004622,216.36,3.9212,0.4048,1.4744,524.6736,0.9704,0.1192,14.0
MED,P95,optimistic,1.5,0.003748,266.83,3.4009,0.36,1.3112,410.8279,0.956,0.2689,13.5
MED,P95,optimistic,2.0,0.002924,342.0,2.8929,0.3141,1.1438,312.1837,0.9418,0.5,13.0
MED,P95,optimistic,2.5,0.002479,403.33,2.5806,0.2854,1.0414,257.9553,0.9277,0.7311,12.5
MED,P95,optimistic,3.0,0.002274,439.78,2.3978,0.2697,0.9865,223.7275,0.9139,0.8808,12.0
MED,P95,optimistic,3.5,0.002296,435.53,2.3438,0.2673,0.981,207.842,0.9003,0.9526,11.5
MED,P95,optimistic,4.0,0.002421,413.05,2.3419,0.2708,0.997,197.4883,0.8869,0.982,11.0
MED,P95,optimistic,4.5,0.002632,379.95,2.3783,0.2784,1.0291,191.7384,0.8737,0.9933,10.5
MED,P95,optimistic,5.0,0.002898,345.12,2.4309,0.2881,1.069,187.1626,0.8607,0.9975,10.0
MED,P95,optimistic,5.5,0.003236,309.06,2.5038,0.3002,1.1184,184.5782,0.8479,0.9991,9.5
MED,P95,optimistic,6.0,0.003639,274.81,2.5883,0.3139,1.1744,182.2698,0.8353,0.9997,9.0
MED,P95,optimistic,6.5,0.004132,242.02,2.6894,0.3298,1.2391,180.7751,0.8228,0.9999,8.5
MED,P95,optimistic,7.0,0.004726,211.61,2.8045,0.3477,1.3122,179.3357,0.8106,1.0,8.0
MED,P95,optimistic,7.5,0.005454,183.36,2.938,0.3683,1.396,178.1918,0.7985,1.0,7.5
MED,P95,optimistic,8.0,0.00635,157.47,3.0918,0.3919,1.4917,177.0533,0.7866,1.0,7.0
MED,P95,optimistic,8.5,0.00747,133.86,3.2703,0.419,1.6022,175.92,0.7749,1.0,6.5
MED,P95,optimistic,9.0,0.008893,112.45,3.4798,0.4507,1.7311,174.7919,0.7634,1.0,6.0
MED,P95,optimistic,9.5,0.010744,93.07,3.7305,0.4884,1.8844,173.8646,0.752,1.0,5.5
MED,P95,optimistic,10.0,0.013197,75.78,4.0325,0.5337,2.0682,172.9267,0.7408,1.0,5.0
MED,P95,baseline,0.0,0.007043,141.99,5.2241,0.5118,1.8663,844.1096,1.0,0.018,15.0
MED,P95,baseline,0.5,0.006109,163.69,4.6245,0.4639,1.7174,691.3924,0.9704,0.0474,14.5
MED,P95,baseline,1.0,0.004908,203.76,3.9212,0.4048,1.5193,524.6736,0.9418,0.1192,14.0
MED,P95,baseline,1.5,0.004101,243.87,3.4009,0.36,1.3716,410.8279,0.9139,0.2689,13.5
MED,P95,baseline,2.0,0.003297,303.32,2.8929,0.3141,1.2145,312.1837,0.8869,0.5,13.0
MED,P95,baseline,2.5,0.002881,347.15,2.5806,0.2854,1.1226,257.9553,0.8607,0.7311,12.5
MED,P95,baseline,3.0,0.002722,367.34,2.3978,0.2697,1.0794,223.7275,0.8353,0.8808,12.0
MED,P95,baseline,3.5,0.002833,353.03,2.3438,0.2673,1.0896,207.842,0.8106,0.9526,11.5
MED,P95,baseline,4.0,0.003078,324.92,2.3419,0.2708,1.1242,197.4883,0.7866,0.982,11.0
MED,P95,baseline,4.5,0.003448,290.04,2.3783,0.2784,1.1778,191.7384,0.7634,0.9933,10.5
MED,P95,baseline,5.0,0.003911,255.67,2.4309,0.2881,1.2419,187.1626,0.7408,0.9975,10.0
MED,P95,baseline,5.5,0.004501,222.19,2.5038,0.3002,1.3191,184.5782,0.7189,0.9991,9.5
MED,P95,baseline,6.0,0.005216,191.73,2.5883,0.3139,1.406,182.2698,0.6977,0.9997,9.0
MED,P95,baseline,6.5,0.006103,163.86,2.6894,0.3298,1.5059,180.7751,0.6771,0.9999,8.5
MED,P95,baseline,7.0,0.007192,139.04,2.8045,0.3477,1.6189,179.3357,0.657,1.0,8.0
MED,P95,baseline,7.5,0.008553,116.92,2.938,0.3683,1.7482,178.1918,0.6376,1.0,7.5
MED,P95,baseline,8.0,0.010262,97.44,3.0918,0.3919,1.8963,177.0533,0.6188,1.0,7.0
MED,P95,baseline,8.5,0.01244,80.38,3.2703,0.419,2.0675,175.92,0.6005,1.0,6.5
MED,P95,baseline,9.0,0.015261,65.53,3.4798,0.4507,2.2677,174.7919,0.5827,1.0,6.0
MED,P95,baseline,9.5,0.018998,52.64,3.7305,0.4884,2.5058,173.8646,0.5655,1.0,5.5
MED,P95,baseline,10.0,0.024046,41.59,4.0325,0.5337,2.7918,172.9267,0.5488,1.0,5.0
MED,P95,pessimistic,0.0,0.007043,141.99,5.2241,0.5118,1.8663,844.1096,1.0,0.018,15.0
MED,P95,pessimistic,0.5,0.006358,157.28,4.6245,0.4639,1.7521,691.3924,0.9512,0.0474,14.5
MED,P95,pessimistic,1.0,0.005316,188.09,3.9212,0.4048,1.5813,524.6736,0.9048,0.1192,14.0
MED,P95,pessimistic,1.5,0.004623,216.29,3.4009,0.36,1.4564,410.8279,0.8607,0.2689,13.5
MED,P95,pessimistic,2.0,0.003869,258.48,2.8929,0.3141,1.3157,312.1837,0.8187,0.5,13.0
MED,P95,pessimistic,2.5,0.003518,284.22,2.5806,0.2854,1.2406,257.9553,0.7788,0.7311,12.5
MED,P95,pessimistic,3.0,0.003461,288.96,2.3978,0.2697,1.217,223.7275,0.7408,0.8808,12.0
MED,P95,pessimistic,3.5,0.003748,266.82,2.3438,0.2673,1.2534,207.842,0.7047,0.9526,11.5
MED,P95,pessimistic,4.0,0.004238,235.94,2.3419,0.2708,1.3192,197.4883,0.6703,0.982,11.0
MED,P95,pessimistic,4.5,0.004942,202.36,2.3783,0.2784,1.4101,191.7384,0.6376,0.9933,10.5
MED,P95,pessimistic,5.0,0.005835,171.38,2.4309,0.2881,1.5169,187.1626,0.6065,0.9975,10.0
MED,P95,pessimistic,5.5,0.006988,143.1,2.5038,0.3002,1.6436,184.5782,0.5769,0.9991,9.5
MED,P95,pessimistic,6.0,0.008429,118.64,2.5883,0.3139,1.7873,182.2698,0.5488,0.9997,9.0
MED,P95,pessimistic,6.5,0.010265,97.42,2.6894,0.3298,1.9531,180.7751,0.522,0.9999,8.5
MED,P95,pessimistic,7.0,0.012591,79.42,2.8045,0.3477,2.142,179.3357,0.4966,1.0,8.0
MED,P95,pessimistic,7.5,0.015585,64.17,2.938,0.3683,2.3598,178.1918,0.4724,1.0,7.5
MED,P95,pessimistic,8.0,0.019463,51.38,3.0918,0.3919,2.6114,177.0533,0.4493,1.0,7.0
MED,P95,pessimistic,8.5,0.024556,40.72,3.2703,0.419,2.9048,175.92,0.4274,1.0,6.5
MED,P95,pessimistic,9.0,0.031352,31.9,3.4798,0.4507,3.2504,174.7919,0.4066,1.0,6.0
MED,P95,pessimistic,9.5,0.040624,24.62,3.7305,0.4884,3.6641,173.8646,0.3867,1.0,5.5
MED,P95,pessimistic,10.0,0.053516,18.69,4.0325,0.5337,4.1649,172.9267,0.3679,1.0,5.0
INF,median,optimistic,0.0,0.000133,999.0,0.6741,0.071,0.2573,121.8019,1.0,0.018,15.0
INF,median,optimistic,0.5,0.000111,999.0,0.639,0.0635,0.2322,100.0193,0.9851,0.0474,14.5
INF,median,optimistic,1.0,9e-05,999.0,0.5554,0.0565,0.2068,79.8696,0.9704,0.1192,14.0
INF,median,optimistic,1.5,7.8e-05,999.0,0.501,0.052,0.1905,67.6069,0.956,0.2689,13.5
INF,median,optimistic,2.0,6.8e-05,999.0,0.4542,0.0479,0.1759,58.4284,0.9418,0.5,13.0
INF,median,optimistic,2.5,6.4e-05,999.0,0.4282,0.0456,0.1683,53.854,0.9277,0.7311,12.5
INF,median,optimistic,3.0,6.4e-05,999.0,0.4187,0.045,0.1669,51.6928,0.9139,0.8808,12.0
INF,median,optimistic,3.5,6.8e-05,999.0,0.4214,0.0458,0.1704,50.9086,0.9003,0.9526,11.5
INF,median,optimistic,4.0,7.5e-05,999.0,0.4314,0.0473,0.177,50.8258,0.8869,0.982,11.0
INF,median,optimistic,4.5,8.3e-05,999.0,0.4441,0.0492,0.1849,50.7885,0.8737,0.9933,10.5
INF,median,optimistic,5.0,9.4e-05,999.0,0.4598,0.0515,0.1943,50.9434,0.8607,0.9975,10.0
INF,median,optimistic,5.5,0.000105,999.0,0.4753,0.0538,0.2039,50.7424,0.8479,0.9991,9.5
INF,median,optimistic,6.0,0.000119,999.0,0.4931,0.0564,0.2148,50.5878,0.8353,0.9997,9.0
INF,median,optimistic,6.5,0.000134,999.0,0.511,0.0591,0.226,50.0931,0.8228,0.9999,8.5
INF,median,optimistic,7.0,0.000153,999.0,0.5314,0.0622,0.2388,49.6017,0.8106,1.0,8.0
INF,median,optimistic,7.5,0.000174,999.0,0.5535,0.0655,0.2526,48.913,0.7985,1.0,7.5
INF,median,optimistic,8.0,0.000201,999.0,0.5789,0.0693,0.2684,48.2172,0.7866,1.0,7.0
INF,median,optimistic,8.5,0.000233,999.0,0.6085,0.0737,0.2866,47.5142,0.7749,1.0,6.5
INF,median,optimistic,9.0,0.000274,999.0,0.6433,0.0788,0.3078,46.8041,0.7634,1.0,6.0
INF,median,optimistic,9.5,0.000326,999.0,0.6828,0.0847,0.332,45.8768,0.752,1.0,5.5
INF,median,optimistic,10.0,0.000393,999.0,0.7307,0.0917,0.361,44.9389,0.7408,1.0,5.0
INF,median,baseline,0.0,0.000133,999.0,0.6741,0.071,0.2573,121.8019,1.0,0.018,15.0
INF,median,baseline,0.5,0.000115,999.0,0.639,0.0635,0.2357,100.0193,0.9704,0.0474,14.5
INF,median,baseline,1.0,9.6e-05,999.0,0.5554,0.0565,0.2131,79.8696,0.9418,0.1192,14.0
INF,median,baseline,1.5,8.6e-05,999.0,0.501,0.052,0.1992,67.6069,0.9139,0.2689,13.5
INF,median,baseline,2.0,7.7e-05,999.0,0.4542,0.0479,0.1868,58.4284,0.8869,0.5,13.0
INF,median,baseline,2.5,7.4e-05,999.0,0.4282,0.0456,0.1814,53.854,0.8607,0.7311,12.5
INF,median,baseline,3.0,7.7e-05,999.0,0.4187,0.045,0.1826,51.6928,0.8353,0.8808,12.0
INF,median,baseline,3.5,8.4e-05,999.0,0.4214,0.0458,0.1893,50.9086,0.8106,0.9526,11.5
INF,median,baseline,4.0,9.5e-05,999.0,0.4314,0.0473,0.1995,50.8258,0.7866,0.982,11.0
INF,median,baseline,4.5,0.000109,999.0,0.4441,0.0492,0.2116,50.7885,0.7634,0.9933,10.5
INF,median,baseline,5.0,0.000126,999.0,0.4598,0.0515,0.2257,50.9434,0.7408,0.9975,10.0
INF,median,baseline,5.5,0.000146,999.0,0.4753,0.0538,0.2405,50.7424,0.7189,0.9991,9.5
INF,median,baseline,6.0,0.00017,999.0,0.4931,0.0564,0.2571,50.5878,0.6977,0.9997,9.0
INF,median,baseline,6.5,0.000198,999.0,0.511,0.0591,0.2747,50.0931,0.6771,0.9999,8.5
INF,median,baseline,7.0,0.000232,999.0,0.5314,0.0622,0.2945,49.6017,0.657,1.0,8.0
INF,median,baseline,7.5,0.000273,999.0,0.5535,0.0655,0.3163,48.913,0.6376,1.0,7.5
INF,median,baseline,8.0,0.000324,999.0,0.5789,0.0693,0.3412,48.2172,0.6188,1.0,7.0
INF,median,baseline,8.5,0.000388,999.0,0.6085,0.0737,0.3698,47.5142,0.6005,1.0,6.5
INF,median,baseline,9.0,0.000471,999.0,0.6433,0.0788,0.4032,46.8041,0.5827,1.0,6.0
INF,median,baseline,9.5,0.000576,999.0,0.6828,0.0847,0.4414,45.8768,0.5655,1.0,5.5
INF,median,baseline,10.0,0.000715,999.0,0.7307,0.0917,0.4872,44.9389,0.5488,1.0,5.0
INF,median,pessimistic,0.0,0.000133,999.0,0.6741,0.071,0.2573,121.8019,1.0,0.018,15.0
INF,median,pessimistic,0.5,0.000119,999.0,0.639,0.0635,0.2404,100.0193,0.9512,0.0474,14.5
INF,median,pessimistic,1.0,0.000104,999.0,0.5554,0.0565,0.2218,79.8696,0.9048,0.1192,14.0
INF,median,pessimistic,1.5,9.7e-05,999.0,0.501,0.052,0.2116,67.6069,0.8607,0.2689,13.5
INF,median,pessimistic,2.0,9e-05,999.0,0.4542,0.0479,0.2023,58.4284,0.8187,0.5,13.0
INF,median,pessimistic,2.5,9.1e-05,999.0,0.4282,0.0456,0.2005,53.854,0.7788,0.7311,12.5
INF,median,pessimistic,3.0,9.7e-05,999.0,0.4187,0.045,0.2059,51.6928,0.7408,0.8808,12.0
INF,median,pessimistic,3.5,0.000111,999.0,0.4214,0.0458,0.2177,50.9086,0.7047,0.9526,11.5
INF,median,pessimistic,4.0,0.000131,999.0,0.4314,0.0473,0.2342,50.8258,0.6703,0.982,11.0
INF,median,pessimistic,4.5,0.000156,999.0,0.4441,0.0492,0.2534,50.7885,0.6376,0.9933,10.5
INF,median,pessimistic,5.0,0.000188,999.0,0.4598,0.0515,0.2757,50.9434,0.6065,0.9975,10.0
INF,median,pessimistic,5.5,0.000227,999.0,0.4753,0.0538,0.2997,50.7424,0.5769,0.9991,9.5
INF,median,pessimistic,6.0,0.000275,999.0,0.4931,0.0564,0.3269,50.5878,0.5488,0.9997,9.0
INF,median,pessimistic,6.5,0.000333,999.0,0.511,0.0591,0.3563,50.0931,0.522,0.9999,8.5
INF,median,pessimistic,7.0,0.000407,999.0,0.5314,0.0622,0.3897,49.6017,0.4966,1.0,8.0
INF,median,pessimistic,7.5,0.000498,999.0,0.5535,0.0655,0.427,48.913,0.4724,1.0,7.5
INF,median,pessimistic,8.0,0.000615,999.0,0.5789,0.0693,0.4698,48.2172,0.4493,1.0,7.0
INF,median,pessimistic,8.5,0.000767,999.0,0.6085,0.0737,0.5195,47.5142,0.4274,1.0,6.5
INF,median,pessimistic,9.0,0.000967,999.0,0.6433,0.0788,0.5779,46.8041,0.4066,1.0,6.0
INF,median,pessimistic,9.5,0.001231,812.23,0.6828,0.0847,0.6455,45.8768,0.3867,1.0,5.5
INF,median,pessimistic,10.0,0.001592,628.0,0.7307,0.0917,0.7269,44.9389,0.3679,1.0,5.0
INF,P90,optimistic,0.0,0.001285,777.98,2.199,0.2191,0.7948,328.1049,1.0,0.018,15.0
INF,P90,optimistic,0.5,0.001235,809.43,2.0912,0.212,0.7708,296.3454,0.9851,0.0474,14.5
INF,P90,optimistic,1.0,0.001027,973.26,1.8357,0.191,0.6941,235.0086,0.9704,0.1192,14.0
INF,P90,optimistic,1.5,0.000866,999.0,1.6261,0.1732,0.6296,189.4729,0.956,0.2689,13.5
INF,P90,optimistic,2.0,0.000692,999.0,1.4018,0.1529,0.556,146.7482,0.9418,0.5,13.0
INF,P90,optimistic,2.5,0.000588,999.0,1.251,0.139,0.5065,120.9313,0.9277,0.7311,12.5
INF,P90,optimistic,3.0,0.000533,999.0,1.1546,0.1306,0.477,103.0328,0.9139,0.8808,12.0
INF,P90,optimistic,3.5,0.00053,999.0,1.1186,0.1285,0.4707,93.5877,0.9003,0.9526,11.5
INF,P90,optimistic,4.0,0.000549,999.0,1.1057,0.129,0.4739,86.4484,0.8869,0.982,11.0
INF,P90,optimistic,4.5,0.000587,999.0,1.1122,0.1316,0.4851,81.8184,0.8737,0.9933,10.5
INF,P90,optimistic,5.0,0.000635,999.0,1.1249,0.135,0.4992,77.58,0.8607,0.9975,10.0
INF,P90,optimistic,5.5,0.000701,999.0,1.1499,0.1398,0.5189,74.8972,0.8479,0.9991,9.5
INF,P90,optimistic,6.0,0.000778,999.0,1.1792,0.1453,0.5411,72.283,0.8353,0.9997,9.0
INF,P90,optimistic,6.5,0.000875,999.0,1.2186,0.152,0.5683,70.5615,0.8228,0.9999,8.5
INF,P90,optimistic,7.0,0.000992,999.0,1.2637,0.1595,0.5989,68.846,0.8106,1.0,8.0
INF,P90,optimistic,7.5,0.001137,879.75,1.3184,0.1684,0.6348,67.5457,0.7985,1.0,7.5
INF,P90,optimistic,8.0,0.001314,760.78,1.3815,0.1785,0.6759,66.2388,0.7866,1.0,7.0
INF,P90,optimistic,8.5,0.001535,651.29,1.455,0.1902,0.7232,64.9249,0.7749,1.0,6.5
INF,P90,optimistic,9.0,0.001815,551.05,1.5413,0.2039,0.7785,63.6041,0.7634,1.0,6.0
INF,P90,optimistic,9.5,0.002183,458.18,1.6477,0.2205,0.8453,62.6768,0.752,1.0,5.5
INF,P90,optimistic,10.0,0.002668,374.74,1.776,0.2403,0.9255,61.7389,0.7408,1.0,5.0
INF,P90,baseline,0.0,0.001285,777.98,2.199,0.2191,0.7948,328.1049,1.0,0.018,15.0
INF,P90,baseline,0.5,0.001273,785.51,2.0912,0.212,0.7824,296.3454,0.9704,0.0474,14.5
INF,P90,baseline,1.0,0.001091,916.58,1.8357,0.191,0.7153,235.0086,0.9418,0.1192,14.0
INF,P90,baseline,1.5,0.000947,999.0,1.6261,0.1732,0.6585,189.4729,0.9139,0.2689,13.5
INF,P90,baseline,2.0,0.000781,999.0,1.4018,0.1529,0.5904,146.7482,0.8869,0.5,13.0
INF,P90,baseline,2.5,0.000683,999.0,1.251,0.139,0.546,120.9313,0.8607,0.7311,12.5
INF,P90,baseline,3.0,0.000638,999.0,1.1546,0.1306,0.5219,103.0328,0.8353,0.8808,12.0
INF,P90,baseline,3.5,0.000654,999.0,1.1186,0.1285,0.5228,93.5877,0.8106,0.9526,11.5
INF,P90,baseline,4.0,0.000698,999.0,1.1057,0.129,0.5343,86.4484,0.7866,0.982,11.0
INF,P90,baseline,4.5,0.000769,999.0,1.1122,0.1316,0.5552,81.8184,0.7634,0.9933,10.5
INF,P90,baseline,5.0,0.000858,999.0,1.1249,0.135,0.58,77.58,0.7408,0.9975,10.0
INF,P90,baseline,5.5,0.000975,999.0,1.1499,0.1398,0.612,74.8972,0.7189,0.9991,9.5
INF,P90,baseline,6.0,0.001115,897.26,1.1792,0.1453,0.6478,72.283,0.6977,0.9997,9.0
INF,P90,baseline,6.5,0.001292,773.72,1.2186,0.152,0.6906,70.5615,0.6771,0.9999,8.5
INF,P90,baseline,7.0,0.001509,662.57,1.2637,0.1595,0.7388,68.846,0.657,1.0,8.0
INF,P90,baseline,7.5,0.001783,560.95,1.3184,0.1684,0.795,67.5457,0.6376,1.0,7.5
INF,P90,baseline,8.0,0.002124,470.76,1.3815,0.1785,0.8592,66.2388,0.6188,1.0,7.0
INF,P90,baseline,8.5,0.002557,391.1,1.455,0.1902,0.9333,64.9249,0.6005,1.0,6.5
INF,P90,baseline,9.0,0.003114,321.12,1.5413,0.2039,1.0198,63.6041,0.5827,1.0,6.0
INF,P90,baseline,9.5,0.003859,259.11,1.6477,0.2205,1.1241,62.6768,0.5655,1.0,5.5
INF,P90,baseline,10.0,0.004862,205.66,1.776,0.2403,1.2494,61.7389,0.5488,1.0,5.0
INF,P90,pessimistic,0.0,0.001285,777.98,2.199,0.2191,0.7948,328.1049,1.0,0.018,15.0
INF,P90,pessimistic,0.5,0.001325,754.71,2.0912,0.212,0.7982,296.3454,0.9512,0.0474,14.5
INF,P90,pessimistic,1.0,0.001182,846.11,1.8357,0.191,0.7445,235.0086,0.9048,0.1192,14.0
INF,P90,pessimistic,1.5,0.001068,936.12,1.6261,0.1732,0.6993,189.4729,0.8607,0.2689,13.5
INF,P90,pessimistic,2.0,0.000916,999.0,1.4018,0.1529,0.6396,146.7482,0.8187,0.5,13.0
INF,P90,pessimistic,2.5,0.000834,999.0,1.251,0.139,0.6034,120.9313,0.7788,0.7311,12.5
INF,P90,pessimistic,3.0,0.000811,999.0,1.1546,0.1306,0.5885,103.0328,0.7408,0.8808,12.0
INF,P90,pessimistic,3.5,0.000865,999.0,1.1186,0.1285,0.6014,93.5877,0.7047,0.9526,11.5
INF,P90,pessimistic,4.0,0.000961,999.0,1.1057,0.129,0.627,86.4484,0.6703,0.982,11.0
INF,P90,pessimistic,4.5,0.001103,906.72,1.1122,0.1316,0.6647,81.8184,0.6376,0.9933,10.5
INF,P90,pessimistic,5.0,0.001279,781.56,1.1249,0.135,0.7085,77.58,0.6065,0.9975,10.0
INF,P90,pessimistic,5.5,0.001513,660.86,1.1499,0.1398,0.7626,74.8972,0.5769,0.9991,9.5
INF,P90,pessimistic,6.0,0.001801,555.21,1.1792,0.1453,0.8235,72.283,0.5488,0.9997,9.0
INF,P90,pessimistic,6.5,0.002174,459.99,1.2186,0.152,0.8957,70.5615,0.522,0.9999,8.5
INF,P90,pessimistic,7.0,0.002642,378.47,1.2637,0.1595,0.9776,68.846,0.4966,1.0,8.0
INF,P90,pessimistic,7.5,0.003248,307.86,1.3184,0.1684,1.0731,67.5457,0.4724,1.0,7.5
INF,P90,pessimistic,8.0,0.004029,248.23,1.3815,0.1785,1.1832,66.2388,0.4493,1.0,7.0
INF,P90,pessimistic,8.5,0.005047,198.14,1.455,0.1902,1.3112,64.9249,0.4274,1.0,6.5
INF,P90,pessimistic,9.0,0.006398,156.31,1.5413,0.2039,1.4616,63.6041,0.4066,1.0,6.0
INF,P90,pessimistic,9.5,0.008252,121.18,1.6477,0.2205,1.6437,62.6768,0.3867,1.0,5.5
INF,P90,pessimistic,10.0,0.010821,92.41,1.776,0.2403,1.8638,61.7389,0.3679,1.0,5.0
INF,P95,optimistic,0.0,0.004863,205.62,4.2649,0.4263,1.5451,625.9465,1.0,0.018,15.0
INF,P95,optimistic,0.5,0.004822,207.4,4.1256,0.4189,1.5223,580.0264,0.9851,0.0474,14.5
INF,P95,optimistic,1.0,0.004023,248.58,3.6275,0.378,1.3731,460.3908,0.9704,0.1192,14.0
INF,P95,optimistic,1.5,0.003362,297.45,3.1974,0.3413,1.24,367.2139,0.956,0.2689,13.5
INF,P95,optimistic,2.0,0.002628,380.47,2.7206,0.2981,1.0825,276.0815,0.9418,0.5,13.0
INF,P95,optimistic,2.5,0.002176,459.56,2.3922,0.2677,0.9734,219.4023,0.9277,0.7311,12.5
INF,P95,optimistic,3.0,0.00192,520.91,2.1715,0.2482,0.9036,178.5956,0.9139,0.8808,12.0
INF,P95,optimistic,3.5,0.001873,533.8,2.0793,0.2419,0.8827,156.5164,0.9003,0.9526,11.5
INF,P95,optimistic,4.0,0.001904,525.12,2.0321,0.2406,0.88,139.0719,0.8869,0.982,11.0
INF,P95,optimistic,4.5,0.002012,497.02,2.0279,0.244,0.8948,127.7223,0.8737,0.9933,10.5
INF,P95,optimistic,5.0,0.002148,465.55,2.0341,0.2487,0.9146,117.045,0.8607,0.9975,10.0
INF,P95,optimistic,5.5,0.002353,424.95,2.0705,0.2567,0.9473,110.719,0.8479,0.9991,9.5
INF,P95,optimistic,6.0,0.002594,385.51,2.114,0.2658,0.9842,104.4902,0.8353,0.9997,9.0
INF,P95,optimistic,6.5,0.002914,343.16,2.1818,0.2778,1.0326,100.964,0.8228,0.9999,8.5
INF,P95,optimistic,7.0,0.003296,303.36,2.2596,0.2913,1.0871,97.4469,0.8106,1.0,8.0
INF,P95,optimistic,7.5,0.003782,264.42,2.3582,0.3076,1.1528,95.246,0.7985,1.0,7.5
INF,P95,optimistic,8.0,0.004377,228.45,2.4721,0.3263,1.2279,93.0389,0.7866,1.0,7.0
INF,P95,optimistic,8.5,0.005118,195.38,2.6046,0.3479,1.3145,90.825,0.7749,1.0,6.5
INF,P95,optimistic,9.0,0.006055,165.15,2.7605,0.373,1.4156,88.6041,0.7634,1.0,6.0
INF,P95,optimistic,9.5,0.00731,136.79,2.9576,0.4041,1.5402,87.6768,0.752,1.0,5.5
INF,P95,optimistic,10.0,0.008973,111.44,3.1951,0.4413,1.6897,86.7389,0.7408,1.0,5.0
INF,P95,baseline,0.0,0.004863,205.62,4.2649,0.4263,1.5451,625.9465,1.0,0.018,15.0
INF,P95,baseline,0.5,0.004968,201.27,4.1256,0.4189,1.5453,580.0264,0.9704,0.0474,14.5
INF,P95,baseline,1.0,0.004272,234.1,3.6275,0.378,1.4149,460.3908,0.9418,0.1192,14.0
INF,P95,baseline,1.5,0.003679,271.85,3.1974,0.3413,1.297,367.2139,0.9139,0.2689,13.5
INF,P95,baseline,2.0,0.002963,337.45,2.7206,0.2981,1.1495,276.0815,0.8869,0.5,13.0
INF,P95,baseline,2.5,0.002528,395.54,2.3922,0.2677,1.0493,219.4023,0.8607,0.7311,12.5
INF,P95,baseline,3.0,0.002298,435.1,2.1715,0.2482,0.9887,178.5956,0.8353,0.8808,12.0
INF,P95,baseline,3.5,0.002311,432.69,2.0793,0.2419,0.9804,156.5164,0.8106,0.9526,11.5
INF,P95,baseline,4.0,0.002421,413.07,2.0321,0.2406,0.9922,139.0719,0.7866,0.982,11.0
INF,P95,baseline,4.5,0.002636,379.41,2.0279,0.244,1.0242,127.7223,0.7634,0.9933,10.5
INF,P95,baseline,5.0,0.002899,344.89,2.0341,0.2487,1.0626,117.045,0.7408,0.9975,10.0
INF,P95,baseline,5.5,0.003273,305.51,2.0705,0.2567,1.1172,110.719,0.7189,0.9991,9.5
INF,P95,baseline,6.0,0.003718,268.96,2.114,0.2658,1.1783,104.4902,0.6977,0.9997,9.0
INF,P95,baseline,6.5,0.004304,232.34,2.1818,0.2778,1.2549,100.964,0.6771,0.9999,8.5
INF,P95,baseline,7.0,0.005017,199.32,2.2596,0.2913,1.3412,97.4469,0.657,1.0,8.0
INF,P95,baseline,7.5,0.005931,168.6,2.3582,0.3076,1.4437,95.246,0.6376,1.0,7.5
INF,P95,baseline,8.0,0.007074,141.36,2.4721,0.3263,1.561,93.0389,0.6188,1.0,7.0
INF,P95,baseline,8.5,0.008523,117.33,2.6046,0.3479,1.6963,90.825,0.6005,1.0,6.5
INF,P95,baseline,9.0,0.010391,96.24,2.7605,0.373,1.8544,88.6041,0.5827,1.0,6.0
INF,P95,baseline,9.5,0.012927,77.36,2.9576,0.4041,2.0481,87.6768,0.5655,1.0,5.5
INF,P95,baseline,10.0,0.01635,61.16,3.1951,0.4413,2.2809,86.7389,0.5488,1.0,5.0
INF,P95,pessimistic,0.0,0.004863,205.62,4.2649,0.4263,1.5451,625.9465,1.0,0.018,15.0
INF,P95,pessimistic,0.5,0.005171,193.38,4.1256,0.4189,1.5765,580.0264,0.9512,0.0474,14.5
INF,P95,pessimistic,1.0,0.004627,216.11,3.6275,0.378,1.4727,460.3908,0.9048,0.1192,14.0
INF,P95,pessimistic,1.5,0.004147,241.11,3.1974,0.3413,1.3772,367.2139,0.8607,0.2689,13.5
INF,P95,pessimistic,2.0,0.003478,287.55,2.7206,0.2981,1.2452,276.0815,0.8187,0.5,13.0
INF,P95,pessimistic,2.5,0.003088,323.84,2.3922,0.2677,1.1596,219.4023,0.7788,0.7311,12.5
INF,P95,pessimistic,3.0,0.002922,342.26,2.1715,0.2482,1.1147,178.5956,0.7408,0.8808,12.0
INF,P95,pessimistic,3.5,0.003058,327.02,2.0793,0.2419,1.1277,156.5164,0.7047,0.9526,11.5
INF,P95,pessimistic,4.0,0.003334,299.95,2.0321,0.2406,1.1644,139.0719,0.6703,0.982,11.0
INF,P95,pessimistic,4.5,0.003778,264.71,2.0279,0.244,1.2261,127.7223,0.6376,0.9933,10.5
INF,P95,pessimistic,5.0,0.004326,231.18,2.0341,0.2487,1.2978,117.045,0.6065,0.9975,10.0
INF,P95,pessimistic,5.5,0.005082,196.76,2.0705,0.2567,1.3922,110.719,0.5769,0.9991,9.5
INF,P95,pessimistic,6.0,0.006009,166.43,2.114,0.2658,1.4979,104.4902,0.5488,0.9997,9.0
INF,P95,pessimistic,6.5,0.00724,138.13,2.1818,0.2778,1.6276,100.964,0.522,0.9999,8.5
INF,P95,pessimistic,7.0,0.008783,113.85,2.2596,0.2913,1.7745,97.4469,0.4966,1.0,8.0
INF,P95,pessimistic,7.5,0.010807,92.53,2.3582,0.3076,1.9488,95.246,0.4724,1.0,7.5
INF,P95,pessimistic,8.0,0.013416,74.54,2.4721,0.3263,2.1496,93.0389,0.4493,1.0,7.0
INF,P95,pessimistic,8.5,0.016824,59.44,2.6046,0.3479,2.3833,90.825,0.4274,1.0,6.5
INF,P95,pessimistic,9.0,0.021347,46.84,2.7605,0.373,2.6579,88.6041,0.4066,1.0,6.0
INF,P95,pessimistic,9.5,0.027641,36.18,2.9576,0.4041,2.9949,87.6768,0.3867,1.0,5.5
INF,P95,pessimistic,10.0,0.036388,27.48,3.1951,0.4413,3.4027,86.7389,0.3679,1.0,5.0
