span_m,v_flow_ms,time_yr,max_FI,safety_factor,failure_mode,max_defl_mm,defl_span_ratio,q_total_N_m,deg_factor
1.0,0.5,0,0.000306,3266.48,shear,0.117,0.000117,322.8867,1.0
1.0,0.5,2,0.000103,9687.81,shear,0.0656,6.6e-05,116.5521,0.8869
1.0,0.5,5,0.000271,3691.65,shear,0.0996,0.0001,141.1632,0.7408
1.0,0.5,8,0.000839,1191.21,shear,0.1648,0.000165,153.1795,0.6188
1.0,0.5,10,0.001988,503.04,shear,0.2436,0.000244,152.2031,0.5488
1.0,1.0,0,0.00052,1924.88,shear,0.1531,0.000153,367.5629,1.0
1.0,1.0,2,0.000217,4603.15,shear,0.0958,9.6e-05,133.3205,0.8869
1.0,1.0,5,0.000455,2198.14,shear,0.1299,0.00013,145.106,0.7408
1.0,1.0,8,0.001353,739.05,shear,0.2105,0.000211,155.2258,0.6188
1.0,1.0,10,0.003205,312.05,shear,0.3112,0.000311,153.9794,0.5488
1.0,1.5,0,0.000864,1157.3,shear,0.1978,0.000198,442.0233,1.0
1.0,1.5,2,0.000401,2491.33,shear,0.1299,0.00013,161.2679,0.8869
1.0,1.5,5,0.000699,1431.43,shear,0.1614,0.000161,151.6773,0.7408
1.0,1.5,8,0.002006,498.54,shear,0.2573,0.000257,158.6364,0.6188
1.0,1.5,10,0.004746,210.71,shear,0.3801,0.00038,156.9399,0.5488
1.0,2.0,0,0.001392,718.61,shear,0.2512,0.000251,546.2679,1.0
1.0,2.0,2,0.000673,1486.03,shear,0.1679,0.000168,200.3942,0.8869
1.0,2.0,5,0.001021,979.7,shear,0.1944,0.000194,160.8772,0.7408
1.0,2.0,8,0.002839,352.23,shear,0.3051,0.000305,163.4111,0.6188
1.0,2.0,10,0.006708,149.08,shear,0.4504,0.00045,161.0846,0.5488
1.0,2.5,0,0.002164,462.11,shear,0.3133,0.000313,680.2967,1.0
1.0,2.5,2,0.001052,950.42,shear,0.21,0.00021,250.6995,0.8869
1.0,2.5,5,0.001419,704.49,shear,0.2286,0.000229,172.7056,0.7408
1.0,2.5,8,0.003847,259.94,shear,0.354,0.000354,169.5501,0.6188
1.0,2.5,10,0.009073,110.21,shear,0.5221,0.000522,166.4136,0.5488
1.0,3.0,0,0.003253,307.36,shear,0.384,0.000384,844.1096,1.0
1.0,3.0,2,0.001562,640.17,shear,0.256,0.000256,312.1837,0.8869
1.0,3.0,5,0.001902,525.76,shear,0.2642,0.000264,187.1626,0.7408
1.0,3.0,8,0.005034,198.67,shear,0.404,0.000404,177.0533,0.6188
1.0,3.0,10,0.011848,84.4,shear,0.5952,0.000595,172.9267,0.5488
1.0,3.5,0,0.004743,210.86,shear,0.4634,0.000463,1037.7067,1.0
1.0,3.5,2,0.002228,448.88,shear,0.306,0.000306,384.8468,0.8869
1.0,3.5,5,0.002476,403.9,shear,0.3011,0.000301,204.2481,0.7408
1.0,3.5,8,0.006408,156.06,shear,0.4551,0.000455,185.9207,0.6188
1.0,3.5,10,0.015052,66.44,shear,0.6696,0.00067,180.6241,0.5488
1.0,4.0,0,0.006724,148.73,shear,0.5515,0.000551,1261.0879,1.0
1.0,4.0,2,0.003076,325.05,shear,0.36,0.00036,468.689,0.8869
1.0,4.0,5,0.003149,317.6,shear,0.3393,0.000339,223.9621,0.7408
1.0,4.0,8,0.00798,125.31,shear,0.5072,0.000507,196.1523,0.6188
1.0,4.0,10,0.018704,53.46,shear,0.7455,0.000745,189.5057,0.5488
1.0,4.5,0,0.0093,107.52,shear,0.6482,0.000648,1514.2533,1.0
1.0,4.5,2,0.004137,241.71,shear,0.418,0.000418,563.71,0.8869
1.0,4.5,5,0.003928,254.56,shear,0.3789,0.000379,246.3047,0.7408
1.0,4.5,8,0.00976,102.46,shear,0.5604,0.00056,207.7482,0.6188
1.0,4.5,10,0.022826,43.81,shear,0.8227,0.000823,199.5715,0.5488
1.0,5.0,0,0.012585,79.46,shear,0.7535,0.000754,1797.2029,1.0
1.0,5.0,2,0.005458,183.21,shear,0.4799,0.00048,669.91,0.8869
1.0,5.0,5,0.004823,207.32,shear,0.4198,0.00042,271.2757,0.7408
1.0,5.0,8,0.011758,85.05,shear,0.6147,0.000615,220.7082,0.6188
1.0,5.0,10,0.027438,36.45,shear,0.9014,0.000901,210.8215,0.5488
1.0,5.5,0,0.016702,59.87,shear,0.8676,0.000868,2109.9366,1.0
1.0,5.5,2,0.007071,141.43,shear,0.5459,0.000546,787.289,0.8869
1.0,5.5,5,0.005842,171.17,shear,0.462,0.000462,298.8754,0.7408
1.0,5.5,8,0.013985,71.51,shear,0.6701,0.00067,235.0325,0.6188
1.0,5.5,10,0.032561,30.71,shear,0.9814,0.000981,223.2557,0.5488
1.0,6.0,0,0.021783,45.91,shear,0.9903,0.00099,2452.4545,1.0
1.0,6.0,2,0.009009,111.0,shear,0.6158,0.000616,915.8468,0.8869
1.0,6.0,5,0.006993,143.0,shear,0.5056,0.000506,329.1035,0.7408
1.0,6.0,8,0.016451,60.79,shear,0.7265,0.000727,250.721,0.6188
1.0,6.0,10,0.038216,26.17,shear,1.0628,0.001063,236.8741,0.5488
1.0,6.5,0,0.027975,35.75,shear,1.1216,0.001122,2824.7566,1.0
1.0,6.5,2,0.011315,88.37,shear,0.6896,0.00069,1055.5837,0.8869
1.0,6.5,5,0.008286,120.69,shear,0.5504,0.00055,361.9603,0.7408
1.0,6.5,8,0.019166,52.18,shear,0.784,0.000784,267.7737,0.6188
1.0,6.5,10,0.044426,22.51,shear,1.1456,0.001146,251.6767,0.5488
1.0,7.0,0,0.035429,28.23,shear,1.2616,0.001262,3226.8428,1.0
1.0,7.0,2,0.014032,71.27,shear,0.7675,0.000767,1206.4995,0.8869
1.0,7.0,5,0.009729,102.78,shear,0.5966,0.000597,397.4455,0.7408
1.0,7.0,8,0.022143,45.16,shear,0.8426,0.000843,286.1906,0.6188
1.0,7.0,10,0.051212,19.53,shear,1.2297,0.00123,267.6636,0.5488
1.0,7.5,0,0.044311,22.57,shear,1.4103,0.00141,3658.7132,1.0
1.0,7.5,2,0.017204,58.13,shear,0.8493,0.000849,1368.5942,0.8869
1.0,7.5,5,0.011333,88.24,shear,0.6442,0.000644,435.5593,0.7408
1.0,7.5,8,0.025391,39.38,shear,0.9023,0.000902,305.9717,0.6188
1.0,7.5,10,0.058597,17.07,shear,1.3153,0.001315,284.8346,0.5488
1.0,8.0,0,0.054796,18.25,shear,1.5676,0.001568,4120.3678,1.0
1.0,8.0,2,0.020879,47.9,shear,0.9351,0.000935,1541.8679,0.8869
1.0,8.0,5,0.013107,76.3,shear,0.693,0.000693,476.3016,0.7408
1.0,8.0,8,0.028923,34.57,shear,0.963,0.000963,327.1171,0.6188
1.0,8.0,10,0.066604,15.01,shear,1.4022,0.001402,303.1899,0.5488
1.5,0.5,0,0.000628,1593.22,shear,0.5533,0.000369,322.8867,1.0
1.5,0.5,2,0.000186,5382.68,shear,0.2915,0.000194,116.5521,0.8869
1.5,0.5,5,0.000515,1940.0,shear,0.4565,0.000304,141.1632,0.7408
1.5,0.5,8,0.001607,622.4,shear,0.7601,0.000507,153.1795,0.6188
1.5,0.5,10,0.003787,264.06,shear,1.1231,0.000749,152.2031,0.5488
1.5,1.0,0,0.000988,1012.37,shear,0.697,0.000465,367.5629,1.0
1.5,1.0,2,0.000358,2793.71,shear,0.4032,0.000269,133.3205,0.8869
1.5,1.0,5,0.000775,1290.7,shear,0.562,0.000375,145.106,0.7408
1.5,1.0,8,0.002313,432.42,shear,0.917,0.000611,155.2258,0.6188
1.5,1.0,10,0.005449,183.52,shear,1.3545,0.000903,153.9794,0.5488
1.5,1.5,0,0.001584,631.14,shear,0.8846,0.00059,442.0233,1.0
1.5,1.5,2,0.000634,1577.01,shear,0.5351,0.000357,161.2679,0.8869
1.5,1.5,5,0.001126,887.74,shear,0.6742,0.000449,151.6773,0.7408
1.5,1.5,8,0.003236,309.06,shear,1.0793,0.00072,158.6364,0.6188
1.5,1.5,10,0.00761,131.41,shear,1.5929,0.001062,156.9399,0.5488
1.5,2.0,0,0.002518,397.13,shear,1.116,0.000744,546.2679,1.0
1.5,2.0,2,0.001048,954.53,shear,0.6871,0.000458,200.3942,0.8869
1.5,2.0,5,0.00157,637.11,shear,0.7931,0.000529,160.8772,0.7408
1.5,2.0,8,0.004354,229.65,shear,1.247,0.000831,163.4111,0.6188
1.5,2.0,10,0.010221,97.84,shear,1.8383,0.001226,161.0846,0.5488
1.5,2.5,0,0.003913,255.55,shear,1.3913,0.000928,680.2967,1.0
1.5,2.5,2,0.001638,610.38,shear,0.8592,0.000573,250.6995,0.8869
1.5,2.5,5,0.002116,472.59,shear,0.9188,0.000613,172.7056,0.7408
1.5,2.5,8,0.005681,176.01,shear,1.4202,0.000947,169.5501,0.6188
1.5,2.5,10,0.013303,75.17,shear,2.0907,0.001394,166.4136,0.5488
1.5,3.0,0,0.005918,168.97,shear,1.7104,0.00114,844.1096,1.0
1.5,3.0,2,0.002451,407.99,shear,1.0515,0.000701,312.1837,0.8869
1.5,3.0,5,0.002778,359.95,shear,1.0512,0.000701,187.1626,0.7408
1.5,3.0,8,0.007232,138.27,shear,1.5989,0.001066,177.0533,0.6188
1.5,3.0,10,0.016887,59.22,shear,2.3502,0.001567,172.9267,0.5488
1.5,3.5,0,0.008705,114.87,shear,2.0734,0.001382,1037.7067,1.0
1.5,3.5,2,0.003536,282.81,shear,1.2639,0.000843,384.8468,0.8869
1.5,3.5,5,0.003569,280.17,shear,1.1903,0.000794,204.2481,0.7408
1.5,3.5,8,0.009023,110.83,shear,1.783,0.001189,185.9207,0.6188
1.5,3.5,10,0.021007,47.6,shear,2.6166,0.001744,180.6241,0.5488
1.5,4.0,0,0.012471,80.18,shear,2.4802,0.001653,1261.0879,1.0
1.5,4.0,2,0.004948,202.1,shear,1.4965,0.000998,468.689,0.8869
1.5,4.0,5,0.004503,222.08,shear,1.3361,0.000891,223.9621,0.7408
1.5,4.0,8,0.01107,90.33,shear,1.9725,0.001315,196.1523,0.6188
1.5,4.0,10,0.025697,38.92,shear,2.8901,0.001927,189.5057,0.5488
1.5,4.5,0,0.017436,57.35,shear,2.9309,0.001954,1514.2533,1.0
1.5,4.5,2,0.006748,148.2,shear,1.7492,0.001166,563.71,0.8869
1.5,4.5,5,0.005594,178.77,shear,1.4886,0.000992,246.3047,0.7408
1.5,4.5,8,0.013391,74.68,shear,2.1675,0.001445,207.7482,0.6188
1.5,4.5,10,0.03099,32.27,shear,3.1706,0.002114,199.5715,0.5488
1.5,5.0,0,0.023845,41.94,shear,3.4254,0.002284,1797.2029,1.0
1.5,5.0,2,0.009,111.11,shear,2.0221,0.001348,669.91,0.8869
1.5,5.0,5,0.006857,145.85,shear,1.6479,0.001099,271.2757,0.7408
1.5,5.0,8,0.016004,62.49,shear,2.3679,0.001579,220.7082,0.6188
1.5,5.0,10,0.036922,27.08,shear,3.4582,0.002305,210.8215,0.5488
1.5,5.5,0,0.031966,31.28,shear,3.9638,0.002643,2109.9366,1.0
1.5,5.5,2,0.011777,84.91,shear,2.3151,0.001543,787.289,0.8869
1.5,5.5,5,0.008307,120.38,shear,1.8139,0.001209,298.8754,0.7408
1.5,5.5,8,0.018925,52.84,shear,2.5738,0.001716,235.0325,0.6188
1.5,5.5,10,0.043529,22.97,shear,3.7527,0.002502,223.2557,0.5488
1.5,6.0,0,0.042091,23.76,shear,4.546,0.003031,2452.4545,1.0
1.5,6.0,2,0.015152,66.0,shear,2.6282,0.001752,915.8468,0.8869
1.5,6.0,5,0.009962,100.38,shear,1.9866,0.001324,329.1035,0.7408
1.5,6.0,8,0.022175,45.1,shear,2.7851,0.001857,250.721,0.6188
1.5,6.0,10,0.050848,19.67,shear,4.0543,0.002703,236.8741,0.5488
1.5,6.5,0,0.054536,18.34,shear,5.1721,0.003448,2824.7566,1.0
1.5,6.5,2,0.019207,52.06,shear,2.9615,0.001974,1055.5837,0.8869
1.5,6.5,5,0.011837,84.48,shear,2.1661,0.001444,361.9603,0.7408
1.5,6.5,8,0.025772,38.8,shear,3.0019,0.002001,267.7737,0.6188
1.5,6.5,10,0.058917,16.97,shear,4.3629,0.002909,251.6767,0.5488
1.5,7.0,0,0.069643,14.36,shear,5.8421,0.003895,3226.8428,1.0
1.5,7.0,2,0.024029,41.62,shear,3.3149,0.00221,1206.4995,0.8869
1.5,7.0,5,0.013951,71.68,shear,2.3522,0.001568,397.4455,0.7408
1.5,7.0,8,0.029735,33.63,shear,3.2241,0.002149,286.1906,0.6188
1.5,7.0,10,0.067774,14.75,shear,4.6785,0.003119,267.6636,0.5488
1.5,7.5,0,0.087776,11.39,shear,6.5558,0.004371,3658.7132,1.0
1.5,7.5,2,0.029707,33.66,shear,3.6885,0.002459,1368.5942,0.8869
1.5,7.5,5,0.016322,61.27,shear,2.5451,0.001697,435.5593,0.7408
1.5,7.5,8,0.034085,29.34,shear,3.4518,0.002301,305.9717,0.6188
1.5,7.5,10,0.077459,12.91,shear,5.0011,0.003334,284.8346,0.5488
1.5,8.0,0,0.109322,9.15,shear,7.3135,0.004876,4120.3678,1.0
1.5,8.0,2,0.036338,27.52,shear,4.0822,0.002721,1541.8679,0.8869
1.5,8.0,5,0.018969,52.72,shear,2.7448,0.00183,476.3016,0.7408
1.5,8.0,8,0.038841,25.75,shear,3.6849,0.002457,327.1171,0.6188
1.5,8.0,10,0.088013,11.36,shear,5.3308,0.003554,303.1899,0.5488
2.0,0.5,0,0.001125,889.18,shear,1.6873,0.000844,322.8867,1.0
2.0,0.5,2,0.000309,3237.16,shear,0.8569,0.000428,116.5521,0.8869
2.0,0.5,5,0.000877,1140.28,shear,1.3674,0.000684,141.1632,0.7408
2.0,0.5,8,0.002731,366.19,shear,2.2849,0.001142,153.1795,0.6188
2.0,0.5,10,0.006402,156.21,shear,3.3752,0.001688,152.2031,0.5488
2.0,1.0,0,0.001694,590.43,shear,2.0799,0.00104,367.5629,1.0
2.0,1.0,2,0.000557,1796.16,shear,1.1456,0.000573,133.3205,0.8869
2.0,1.0,5,0.001241,805.75,shear,1.6254,0.000813,145.106,0.7408
2.0,1.0,8,0.003703,270.09,shear,2.6631,0.001332,155.2258,0.6188
2.0,1.0,10,0.008667,115.38,shear,3.9318,0.001966,153.9794,0.5488
2.0,1.5,0,0.002672,374.3,shear,2.6111,0.001306,442.0233,1.0
2.0,1.5,2,0.000955,1046.58,shear,1.4979,0.000749,161.2679,0.8869
2.0,1.5,5,0.001716,582.88,shear,1.9046,0.000952,151.6773,0.7408
2.0,1.5,8,0.004922,203.18,shear,3.0585,0.001529,158.6364,0.6188
2.0,1.5,10,0.011502,86.94,shear,4.5106,0.002255,156.9399,0.5488
2.0,2.0,0,0.004222,236.87,shear,3.2809,0.00164,546.2679,1.0
2.0,2.0,2,0.001562,640.23,shear,1.9138,0.000957,200.3942,0.8869
2.0,2.0,5,0.002311,432.8,shear,2.205,0.001103,160.8772,0.7408
2.0,2.0,8,0.006376,156.83,shear,3.4712,0.001736,163.4111,0.6188
2.0,2.0,10,0.014865,67.27,shear,5.1116,0.002556,161.0846,0.5488
2.0,2.5,0,0.006559,152.47,shear,4.0893,0.002045,680.2967,1.0
2.0,2.5,2,0.002443,409.35,shear,2.3935,0.001197,250.6995,0.8869
2.0,2.5,5,0.003044,328.52,shear,2.5267,0.001263,172.7056,0.7408
2.0,2.5,8,0.008089,123.62,shear,3.901,0.00195,169.5501,0.6188
2.0,2.5,10,0.018801,53.19,shear,5.7348,0.002867,166.4136,0.5488
2.0,3.0,0,0.009945,100.56,shear,5.0364,0.002518,844.1096,1.0
2.0,3.0,2,0.003675,272.09,shear,2.9368,0.001468,312.1837,0.8869
2.0,3.0,5,0.003935,254.11,shear,2.8697,0.001435,187.1626,0.7408
2.0,3.0,8,0.010084,99.17,shear,4.348,0.002174,177.0533,0.6188
2.0,3.0,10,0.023357,42.81,shear,6.3802,0.00319,172.9267,0.5488
2.0,3.5,0,0.014685,68.09,shear,6.122,0.003061,1037.7067,1.0
2.0,3.5,2,0.005346,187.06,shear,3.5437,0.001772,384.8468,0.8869
2.0,3.5,5,0.005005,199.8,shear,3.2339,0.001617,204.2481,0.7408
2.0,3.5,8,0.012384,80.75,shear,4.8123,0.002406,185.9207,0.6188
2.0,3.5,10,0.028583,34.99,shear,7.0478,0.003524,180.6241,0.5488
2.0,4.0,0,0.021132,47.32,shear,7.3462,0.003673,1261.0879,1.0
2.0,4.0,2,0.007552,132.41,shear,4.2144,0.002107,468.689,0.8869
2.0,4.0,5,0.006275,159.36,shear,3.6194,0.00181,223.9621,0.7408
2.0,4.0,8,0.015016,66.59,shear,5.2938,0.002647,196.1523,0.6188
2.0,4.0,10,0.034529,28.96,shear,7.7375,0.003869,189.5057,0.5488
2.0,4.5,0,0.02968,33.69,shear,8.7091,0.004355,1514.2533,1.0
2.0,4.5,2,0.010401,96.15,shear,4.9487,0.002474,563.71,0.8869
2.0,4.5,5,0.007769,128.72,shear,4.0261,0.002013,246.3047,0.7408
2.0,4.5,8,0.018005,55.54,shear,5.7924,0.002896,207.7482,0.6188
2.0,4.5,10,0.041246,24.24,shear,8.4495,0.004225,199.5715,0.5488
2.0,5.0,0,0.040799,24.51,shear,10.2105,0.005105,1797.2029,1.0
2.0,5.0,2,0.014009,71.38,shear,5.7466,0.002873,669.91,0.8869
2.0,5.0,5,0.00951,105.15,shear,4.4541,0.002227,271.2757,0.7408
2.0,5.0,8,0.021379,46.77,shear,6.3083,0.003154,220.7082,0.6188
2.0,5.0,10,0.048788,20.5,shear,9.1836,0.004592,210.8215,0.5488
2.0,5.5,0,0.055027,18.17,shear,11.8506,0.005925,2109.9366,1.0
2.0,5.5,2,0.018504,54.04,shear,6.6082,0.003304,787.289,0.8869
2.0,5.5,5,0.011524,86.77,shear,4.9033,0.002452,298.8754,0.7408
2.0,5.5,8,0.025165,39.74,shear,6.8414,0.003421,235.0325,0.6188
2.0,5.5,10,0.057211,17.48,shear,9.9399,0.00497,223.2557,0.5488
2.0,6.0,0,0.072868,13.72,shear,13.6293,0.006815,2452.4545,1.0
2.0,6.0,2,0.024024,41.63,shear,7.5335,0.003767,915.8468,0.8869
2.0,6.0,5,0.013839,72.26,shear,5.3738,0.002687,329.1035,0.7408
2.0,6.0,8,0.029393,34.02,shear,7.3917,0.003696,250.721,0.6188
2.0,6.0,10,0.066571,15.02,shear,10.7184,0.005359,236.8741,0.5488
2.0,6.5,0,0.094913,10.54,shear,15.5465,0.007773,2824.7566,1.0
2.0,6.5,2,0.030715,32.56,shear,8.5225,0.004261,1055.5837,0.8869
2.0,6.5,5,0.016482,60.67,shear,5.8655,0.002933,361.9603,0.7408
2.0,6.5,8,0.034091,29.33,shear,7.9593,0.00398,267.7737,0.6188
2.0,6.5,10,0.076927,13.0,shear,11.5191,0.00576,251.6767,0.5488
2.0,7.0,0,0.121796,8.21,shear,17.6024,0.008801,3226.8428,1.0
2.0,7.0,2,0.038735,25.82,shear,9.5751,0.004788,1206.4995,0.8869
2.0,7.0,5,0.019483,51.33,shear,6.3785,0.003189,397.4455,0.7408
2.0,7.0,8,0.039291,25.45,shear,8.544,0.004272,286.1906,0.6188
2.0,7.0,10,0.088338,11.32,shear,12.342,0.006171,267.6636,0.5488
2.0,7.5,0,0.154198,6.49,shear,19.7969,0.009898,3658.7132,1.0
2.0,7.5,2,0.048251,20.72,shear,10.6913,0.005346,1368.5942,0.8869
2.0,7.5,5,0.022871,43.72,shear,6.9127,0.003456,435.5593,0.7408
2.0,7.5,8,0.045025,22.21,shear,9.1459,0.004573,305.9717,0.6188
2.0,7.5,10,0.100867,9.91,shear,13.1871,0.006594,284.8346,0.5488
2.0,8.0,0,0.192847,5.19,shear,22.13,0.011065,4120.3678,1.0
2.0,8.0,2,0.059442,16.82,shear,11.8713,0.005936,1541.8679,0.8869
2.0,8.0,5,0.02668,37.48,shear,7.4682,0.003734,476.3016,0.7408
2.0,8.0,8,0.051325,19.48,shear,9.7651,0.004883,327.1171,0.6188
2.0,8.0,10,0.114577,8.73,shear,14.0544,0.007027,303.1899,0.5488
2.5,0.5,0,0.001862,536.99,shear,4.0293,0.001612,322.8867,1.0
2.5,0.5,2,0.000487,2052.21,shear,1.9978,0.000799,116.5521,0.8869
2.5,0.5,5,0.001397,715.84,shear,3.2281,0.001291,141.1632,0.7408
2.5,0.5,8,0.004322,231.37,shear,5.4064,0.002163,153.1795,0.6188
2.5,0.5,10,0.010072,99.28,shear,7.9847,0.003194,152.2031,0.5488
2.5,1.0,0,0.002748,363.96,shear,4.8976,0.001959,367.5629,1.0
2.5,1.0,2,0.000833,1200.06,shear,2.6081,0.001043,133.3205,0.8869
2.5,1.0,5,0.001891,528.8,shear,3.7474,0.001499,145.106,0.7408
2.5,1.0,8,0.005626,177.74,shear,6.1576,0.002463,155.2258,0.6188
2.5,1.0,10,0.013087,76.41,shear,9.088,0.003635,153.9794,0.5488
2.5,1.5,0,0.004271,234.14,shear,6.1043,0.002442,442.0233,1.0
2.5,1.5,2,0.001397,715.94,shear,3.3739,0.00135,161.2679,0.8869
2.5,1.5,5,0.00252,396.81,shear,4.3186,0.001727,151.6773,0.7408
2.5,1.5,8,0.007201,138.87,shear,6.9508,0.00278,158.6364,0.6188
2.5,1.5,10,0.016717,59.82,shear,10.2454,0.004098,156.9399,0.5488
2.5,2.0,0,0.006708,149.07,shear,7.6494,0.00306,546.2679,1.0
2.5,2.0,2,0.002265,441.51,shear,4.2951,0.001718,200.3942,0.8869
2.5,2.0,5,0.003308,302.29,shear,4.9416,0.001977,160.8772,0.7408
2.5,2.0,8,0.009067,110.29,shear,7.786,0.003114,163.4111,0.6188
2.5,2.0,10,0.020988,47.65,shear,11.457,0.004583,161.0846,0.5488
2.5,2.5,0,0.010419,95.98,shear,9.5329,0.003813,680.2967,1.0
2.5,2.5,2,0.003543,282.26,shear,5.3717,0.002149,250.6995,0.8869
2.5,2.5,5,0.004281,233.57,shear,5.6166,0.002247,172.7056,0.7408
2.5,2.5,8,0.011256,88.84,shear,8.6632,0.003465,169.5501,0.6188
2.5,2.5,10,0.025965,38.51,shear,12.7227,0.005089,166.4136,0.5488
2.5,3.0,0,0.01584,63.13,shear,11.7548,0.004702,844.1096,1.0
2.5,3.0,2,0.005353,186.82,shear,6.6038,0.002642,312.1837,0.8869
2.5,3.0,5,0.005468,182.88,shear,6.3435,0.002537,187.1626,0.7408
2.5,3.0,8,0.013801,72.46,shear,9.5824,0.003833,177.0533,0.6188
2.5,3.0,10,0.031711,31.53,shear,14.0426,0.005617,172.9267,0.5488
2.5,3.5,0,0.023487,42.58,shear,14.3151,0.005726,1037.7067,1.0
2.5,3.5,2,0.007835,127.64,shear,7.9913,0.003197,384.8468,0.8869
2.5,3.5,5,0.006899,144.95,shear,7.1222,0.002849,204.2481,0.7408
2.5,3.5,8,0.016738,59.75,shear,10.5437,0.004217,185.9207,0.6188
2.5,3.5,10,0.038297,26.11,shear,15.4168,0.006167,180.6241,0.5488
2.5,4.0,0,0.033956,29.45,shear,17.2138,0.006886,1261.0879,1.0
2.5,4.0,2,0.011147,89.71,shear,9.5342,0.003814,468.689,0.8869
2.5,4.0,5,0.008607,116.19,shear,7.9528,0.003181,223.9621,0.7408
2.5,4.0,8,0.020101,49.75,shear,11.547,0.004619,196.1523,0.6188
2.5,4.0,10,0.045793,21.84,shear,16.845,0.006738,189.5057,0.5488
2.5,4.5,0,0.047919,20.87,shear,20.451,0.00818,1514.2533,1.0
2.5,4.5,2,0.015464,64.67,shear,11.2326,0.004493,563.71,0.8869
2.5,4.5,5,0.010626,94.11,shear,8.8353,0.003534,246.3047,0.7408
2.5,4.5,8,0.023928,41.79,shear,12.5923,0.005037,207.7482,0.6188
2.5,4.5,10,0.054274,18.43,shear,18.3275,0.007331,199.5715,0.5488
2.5,5.0,0,0.066128,15.12,shear,24.0265,0.009611,1797.2029,1.0
2.5,5.0,2,0.020979,47.67,shear,13.0864,0.005235,669.91,0.8869
2.5,5.0,5,0.012994,76.96,shear,9.7698,0.003908,271.2757,0.7408
2.5,5.0,8,0.02826,35.39,shear,13.6796,0.005472,220.7082,0.6188
2.5,5.0,10,0.063816,15.67,shear,19.8641,0.007946,210.8215,0.5488
2.5,5.5,0,0.089412,11.18,shear,27.9405,0.011176,2109.9366,1.0
2.5,5.5,2,0.027902,35.84,shear,15.0957,0.006038,787.289,0.8869
2.5,5.5,5,0.015749,63.5,shear,10.756,0.004302,298.8754,0.7408
2.5,5.5,8,0.033137,30.18,shear,14.8089,0.005924,235.0325,0.6188
2.5,5.5,10,0.074498,13.42,shear,21.4549,0.008582,223.2557,0.5488
2.5,6.0,0,0.118681,8.43,shear,32.1928,0.012877,2452.4545,1.0
2.5,6.0,2,0.036463,27.43,shear,17.2604,0.006904,915.8468,0.8869
2.5,6.0,5,0.018934,52.82,shear,11.7942,0.004718,329.1035,0.7408
2.5,6.0,8,0.038601,25.91,shear,15.9803,0.006392,250.721,0.6188
2.5,6.0,10,0.086405,11.57,shear,23.0999,0.00924,236.8741,0.5488
2.5,6.5,0,0.154921,6.45,shear,36.7836,0.014713,2824.7566,1.0
2.5,6.5,2,0.046905,21.32,shear,19.5805,0.007832,1055.5837,0.8869
2.5,6.5,5,0.022591,44.27,shear,12.8843,0.005154,361.9603,0.7408
2.5,6.5,8,0.044696,22.37,shear,17.1937,0.006877,267.7737,0.6188
2.5,6.5,10,0.099619,10.04,shear,24.799,0.00992,251.6767,0.5488
2.5,7.0,0,0.199198,5.02,shear,41.7128,0.016685,3226.8428,1.0
2.5,7.0,2,0.059493,16.81,shear,22.056,0.008822,1206.4995,0.8869
2.5,7.0,5,0.026766,37.36,shear,14.0263,0.005611,397.4455,0.7408
2.5,7.0,8,0.051468,19.43,shear,18.4491,0.00738,286.1906,0.6188
2.5,7.0,10,0.11423,8.75,shear,26.5523,0.010621,267.6636,0.5488
2.5,7.5,0,0.252655,3.96,shear,46.9804,0.018792,3658.7132,1.0
2.5,7.5,2,0.074508,13.42,shear,24.687,0.009875,1368.5942,0.8869
2.5,7.5,5,0.031507,31.74,shear,15.2201,0.006088,435.5593,0.7408
2.5,7.5,8,0.058963,16.96,shear,19.7465,0.007899,305.9717,0.6188
2.5,7.5,10,0.130328,7.67,shear,28.3598,0.011344,284.8346,0.5488
2.5,8.0,0,0.316516,3.16,shear,52.5864,0.021035,4120.3678,1.0
2.5,8.0,2,0.092248,10.84,shear,27.4735,0.010989,1541.8679,0.8869
2.5,8.0,5,0.036864,27.13,shear,16.4658,0.006586,476.3016,0.7408
2.5,8.0,8,0.067231,14.87,shear,21.086,0.008434,327.1171,0.6188
2.5,8.0,10,0.148006,6.76,shear,30.2215,0.012089,303.1899,0.5488
3.0,0.5,0,0.002939,340.2,shear,8.2306,0.002744,322.8867,1.0
3.0,0.5,2,0.000737,1356.61,shear,4.0122,0.001337,116.5521,0.8869
3.0,0.5,5,0.002134,468.53,shear,6.5412,0.00218,141.1632,0.7408
3.0,0.5,8,0.006552,152.63,shear,10.973,0.003658,153.1795,0.6188
3.0,0.5,10,0.015155,65.98,shear,16.2041,0.005401,152.2031,0.5488
3.0,1.0,0,0.004277,233.81,bending,9.9064,0.003302,367.5629,1.0
3.0,1.0,2,0.001262,792.58,bending,5.1473,0.001716,133.3205,0.8869
3.0,1.0,5,0.002781,359.53,shear,7.4654,0.002488,145.106,0.7408
3.0,1.0,8,0.008237,121.41,shear,12.2927,0.004098,155.2258,0.6188
3.0,1.0,10,0.019038,52.53,shear,18.1383,0.006046,153.9794,0.5488
3.0,1.5,0,0.006676,149.79,bending,12.2839,0.004095,442.0233,1.0
3.0,1.5,2,0.002136,468.15,bending,6.6048,0.002202,161.2679,0.8869
3.0,1.5,5,0.003605,277.37,shear,8.4971,0.002832,151.6773,0.7408
3.0,1.5,8,0.010246,97.6,shear,13.6994,0.004566,158.6364,0.6188
3.0,1.5,10,0.023629,42.32,shear,20.1849,0.006728,156.9399,0.5488
3.0,2.0,0,0.010503,95.21,bending,15.3631,0.005121,546.2679,1.0
3.0,2.0,2,0.003476,287.66,bending,8.3846,0.002795,200.3942,0.8869
3.0,2.0,5,0.004727,211.56,bending,9.6365,0.003212,160.8772,0.7408
3.0,2.0,8,0.012618,79.25,shear,15.1933,0.005064,163.4111,0.6188
3.0,2.0,10,0.029007,34.47,shear,22.3438,0.007448,161.0846,0.5488
3.0,2.5,0,0.016314,61.3,bending,19.1441,0.006381,680.2967,1.0
3.0,2.5,2,0.005437,183.91,bending,10.4867,0.003496,250.6995,0.8869
3.0,2.5,5,0.006178,161.87,bending,10.8834,0.003628,172.7056,0.7408
3.0,2.5,8,0.015398,64.94,shear,16.7744,0.005591,169.5501,0.6188
3.0,2.5,10,0.035257,28.36,shear,24.6151,0.008205,166.4136,0.5488
3.0,3.0,0,0.024784,40.35,bending,23.6268,0.007876,844.1096,1.0
3.0,3.0,2,0.008199,121.96,bending,12.9112,0.004304,312.1837,0.8869
3.0,3.0,5,0.007946,125.85,bending,12.238,0.004079,187.1626,0.7408
3.0,3.0,8,0.018794,53.21,bending,18.4425,0.006148,177.0533,0.6188
3.0,3.0,10,0.042469,23.55,shear,26.9987,0.009,172.9267,0.5488
3.0,3.5,0,0.036708,27.24,bending,28.8113,0.009604,1037.7067,1.0
3.0,3.5,2,0.011968,83.55,bending,15.6579,0.005219,384.8468,0.8869
3.0,3.5,5,0.010074,99.27,bending,13.7001,0.004567,204.2481,0.7408
3.0,3.5,8,0.022996,43.49,bending,20.1979,0.006733,185.9207,0.6188
3.0,3.5,10,0.050735,19.71,shear,29.4946,0.009832,180.6241,0.5488
3.0,4.0,0,0.053004,18.87,bending,34.6975,0.011566,1261.0879,1.0
3.0,4.0,2,0.016975,58.91,bending,18.727,0.006242,468.689,0.8869
3.0,4.0,5,0.012606,79.33,bending,15.2698,0.00509,223.9621,0.7408
3.0,4.0,8,0.02781,35.96,bending,22.0403,0.007347,196.1523,0.6188
3.0,4.0,10,0.060853,16.43,bending,32.1029,0.010701,189.5057,0.5488
3.0,4.5,0,0.074708,13.39,bending,41.2854,0.013762,1514.2533,1.0
3.0,4.5,2,0.023478,42.59,bending,22.1184,0.007373,563.71,0.8869
3.0,4.5,5,0.01559,64.14,bending,16.9472,0.005649,246.3047,0.7408
3.0,4.5,8,0.033285,30.04,bending,23.9699,0.00799,207.7482,0.6188
3.0,4.5,10,0.072587,13.78,bending,34.8235,0.011608,199.5715,0.5488
3.0,5.0,0,0.102978,9.71,bending,48.5751,0.016192,1797.2029,1.0
3.0,5.0,2,0.031758,31.49,bending,25.8321,0.008611,669.91,0.8869
3.0,5.0,5,0.019077,52.42,bending,18.7321,0.006244,271.2757,0.7408
3.0,5.0,8,0.03947,25.34,bending,25.9866,0.008662,220.7082,0.6188
3.0,5.0,10,0.085775,11.66,bending,37.6564,0.012552,210.8215,0.5488
3.0,5.5,0,0.13909,7.19,bending,56.5665,0.018856,2109.9366,1.0
3.0,5.5,2,0.042124,23.74,bending,29.8681,0.009956,787.289,0.8869
3.0,5.5,5,0.02312,43.25,bending,20.6246,0.006875,298.8754,0.7408
3.0,5.5,8,0.046418,21.54,bending,28.0905,0.009363,235.0325,0.6188
3.0,5.5,10,0.100512,9.95,bending,40.6017,0.013534,223.2557,0.5488
3.0,6.0,0,0.184621,5.42,shear,65.2597,0.021753,2452.4545,1.0
3.0,6.0,2,0.054909,18.21,bending,34.2264,0.011409,915.8468,0.8869
3.0,6.0,5,0.027775,36.0,bending,22.6248,0.007542,329.1035,0.7408
3.0,6.0,8,0.054183,18.46,bending,30.2815,0.010094,250.721,0.6188
3.0,6.0,10,0.1169,8.55,bending,43.6593,0.014553,236.8741,0.5488
3.0,6.5,0,0.241638,4.14,shear,74.6547,0.024885,2824.7566,1.0
3.0,6.5,2,0.070473,14.19,bending,38.9071,0.012969,1055.5837,0.8869
3.0,6.5,5,0.033103,30.21,bending,24.7325,0.008244,361.9603,0.7408
3.0,6.5,8,0.062821,15.92,bending,32.5596,0.010853,267.7737,0.6188
3.0,6.5,10,0.135041,7.41,bending,46.8292,0.01561,251.6767,0.5488
3.0,7.0,0,0.31146,3.21,shear,84.7513,0.02825,3226.8428,1.0
3.0,7.0,2,0.0892,11.21,bending,43.9101,0.014637,1206.4995,0.8869
3.0,7.0,5,0.039164,25.53,bending,26.9478,0.008983,397.4455,0.7408
3.0,7.0,8,0.072389,13.81,bending,34.9249,0.011642,286.1906,0.6188
3.0,7.0,10,0.155042,6.45,bending,50.1115,0.016704,267.6636,0.5488
3.0,7.5,0,0.395932,2.53,shear,95.5497,0.03185,3658.7132,1.0
3.0,7.5,2,0.1115,8.97,bending,49.2353,0.016412,1368.5942,0.8869
3.0,7.5,5,0.046024,21.73,bending,29.2708,0.009757,435.5593,0.7408
3.0,7.5,8,0.082948,12.06,bending,37.3773,0.012459,305.9717,0.6188
3.0,7.5,10,0.177012,5.65,bending,53.5061,0.017835,284.8346,0.5488
3.0,8.0,0,0.497031,2.01,shear,107.0499,0.035683,4120.3678,1.0
3.0,8.0,2,0.137892,7.25,shear,54.883,0.018294,1541.8679,0.8869
3.0,8.0,5,0.053752,18.6,bending,31.7013,0.010567,476.3016,0.7408
3.0,8.0,8,0.094559,10.58,bending,39.9169,0.013306,327.1171,0.6188
3.0,8.0,10,0.201065,4.97,bending,57.0131,0.019004,303.1899,0.5488
3.5,0.5,0,0.005058,197.69,bending,15.0835,0.00431,322.8867,1.0
3.5,0.5,2,0.001224,816.78,bending,7.2606,0.002074,116.5521,0.8869
3.5,0.5,5,0.003268,306.04,bending,11.9166,0.003405,141.1632,0.7408
3.5,0.5,8,0.009587,104.31,shear,20.0143,0.005718,153.1795,0.6188
3.5,0.5,10,0.022046,45.36,shear,29.5528,0.008444,152.2031,0.5488
3.5,1.0,0,0.007371,135.67,bending,18.023,0.005149,367.5629,1.0
3.5,1.0,2,0.002048,488.34,bending,9.191,0.002626,133.3205,0.8869
3.5,1.0,5,0.004329,231.0,bending,13.4267,0.003836,145.106,0.7408
3.5,1.0,8,0.011888,84.12,bending,22.1442,0.006327,155.2258,0.6188
3.5,1.0,10,0.026928,37.14,shear,32.6687,0.009334,153.9794,0.5488
3.5,1.5,0,0.011372,87.93,bending,22.2626,0.006361,442.0233,1.0
3.5,1.5,2,0.003401,294.05,bending,11.7186,0.003348,161.2679,0.8869
3.5,1.5,5,0.005691,175.72,bending,15.1362,0.004325,151.6773,0.7408
3.5,1.5,8,0.015025,66.56,bending,24.4356,0.006982,158.6364,0.6188
3.5,1.5,10,0.033055,30.25,bending,35.9926,0.010284,156.9399,0.5488
3.5,2.0,0,0.017813,56.14,bending,27.8023,0.007944,546.2679,1.0
3.5,2.0,2,0.005498,181.89,bending,14.8434,0.004241,200.3942,0.8869
3.5,2.0,5,0.007405,135.04,bending,17.045,0.00487,160.8772,0.7408
3.5,2.0,8,0.01876,53.3,bending,26.8884,0.007682,163.4111,0.6188
3.5,2.0,10,0.041197,24.27,bending,39.5247,0.011293,161.0846,0.5488
3.5,2.5,0,0.027662,36.15,bending,34.6421,0.009898,680.2967,1.0
3.5,2.5,2,0.0086,116.28,bending,18.5653,0.005304,250.6995,0.8869
3.5,2.5,5,0.009529,104.94,bending,19.1531,0.005472,172.7056,0.7408
3.5,2.5,8,0.023157,43.18,bending,29.5026,0.008429,169.5501,0.6188
3.5,2.5,10,0.050718,19.72,bending,43.2649,0.012361,166.4136,0.5488
3.5,3.0,0,0.042107,23.75,bending,42.782,0.012223,844.1096,1.0
3.5,3.0,2,0.013014,76.84,bending,22.8843,0.006538,312.1837,0.8869
3.5,3.0,5,0.012126,82.46,bending,21.4606,0.006132,187.1626,0.7408
3.5,3.0,8,0.028283,35.36,bending,32.2783,0.009222,177.0533,0.6188
3.5,3.0,10,0.061743,16.2,bending,47.2132,0.013489,172.9267,0.5488
3.5,3.5,0,0.062555,15.99,bending,52.222,0.014921,1037.7067,1.0
3.5,3.5,2,0.019094,52.37,bending,27.8005,0.007943,384.8468,0.8869
3.5,3.5,5,0.015264,65.51,bending,23.9674,0.006848,204.2481,0.7408
3.5,3.5,8,0.034206,29.23,bending,35.2154,0.010062,185.9207,0.6188
3.5,3.5,10,0.074402,13.44,bending,51.3696,0.014677,180.6241,0.5488
3.5,4.0,0,0.090633,11.03,bending,62.962,0.017989,1261.0879,1.0
3.5,4.0,2,0.027241,36.71,bending,33.3138,0.009518,468.689,0.8869
3.5,4.0,5,0.019015,52.59,bending,26.6736,0.007621,223.9621,0.7408
3.5,4.0,8,0.040999,24.39,bending,38.3139,0.010947,196.1523,0.6188
3.5,4.0,10,0.088831,11.26,bending,55.7342,0.015924,189.5057,0.5488
3.5,4.5,0,0.128185,7.8,bending,75.0021,0.021429,1514.2533,1.0
3.5,4.5,2,0.0379,26.39,bending,39.4242,0.011264,563.71,0.8869
3.5,4.5,5,0.023459,42.63,bending,29.5791,0.008451,246.3047,0.7408
3.5,4.5,8,0.04874,20.52,bending,41.5739,0.011878,207.7482,0.6188
3.5,4.5,10,0.105171,9.51,bending,60.3068,0.017231,199.5715,0.5488
3.5,5.0,0,0.177277,5.64,bending,88.3423,0.025241,1797.2029,1.0
3.5,5.0,2,0.051565,19.39,bending,46.1318,0.013181,669.91,0.8869
3.5,5.0,5,0.028678,34.87,bending,32.6839,0.009338,271.2757,0.7408
3.5,5.0,8,0.057509,17.39,bending,44.9953,0.012856,220.7082,0.6188
3.5,5.0,10,0.123571,8.09,bending,65.0876,0.018596,210.8215,0.5488
3.5,5.5,0,0.240191,4.16,bending,102.9826,0.029424,2109.9366,1.0
3.5,5.5,2,0.068775,14.54,bending,53.4366,0.015268,787.289,0.8869
3.5,5.5,5,0.034762,28.77,bending,35.9881,0.010282,298.8754,0.7408
3.5,5.5,8,0.067387,14.84,bending,48.5781,0.013879,235.0325,0.6188
3.5,5.5,10,0.144184,6.94,bending,70.0766,0.020022,223.2557,0.5488
3.5,6.0,0,0.319431,3.13,bending,118.923,0.033978,2452.4545,1.0
3.5,6.0,2,0.090117,11.1,bending,61.3384,0.017525,915.8468,0.8869
3.5,6.0,5,0.041804,23.92,bending,39.4917,0.011283,329.1035,0.7408
3.5,6.0,8,0.078464,12.74,bending,52.3224,0.014949,250.721,0.6188
3.5,6.0,10,0.167169,5.98,bending,75.2736,0.021507,236.8741,0.5488
3.5,6.5,0,0.417717,2.39,bending,136.1635,0.038904,2824.7566,1.0
3.5,6.5,2,0.116222,8.6,bending,69.8375,0.019954,1055.5837,0.8869
3.5,6.5,5,0.049904,20.04,bending,43.1945,0.012341,361.9603,0.7408
3.5,6.5,8,0.090828,11.01,bending,56.2281,0.016065,267.7737,0.6188
3.5,6.5,10,0.192691,5.19,bending,80.6788,0.023051,251.6767,0.5488
3.5,7.0,0,0.537989,1.86,bending,154.704,0.044201,3226.8428,1.0
3.5,7.0,2,0.14777,6.77,bending,78.9336,0.022552,1206.4995,0.8869
3.5,7.0,5,0.059166,16.9,bending,47.0967,0.013456,397.4455,0.7408
3.5,7.0,8,0.104574,9.56,bending,60.2953,0.017227,286.1906,0.6188
3.5,7.0,10,0.220921,4.53,bending,86.292,0.024655,267.6636,0.5488
3.5,7.5,0,0.683409,1.46,bending,174.5447,0.04987,3658.7132,1.0
3.5,7.5,2,0.185485,5.39,bending,88.6269,0.025322,1368.5942,0.8869
3.5,7.5,5,0.0697,14.35,bending,51.1983,0.014628,435.5593,0.7408
3.5,7.5,8,0.119799,8.35,bending,64.5239,0.018435,305.9717,0.6188
3.5,7.5,10,0.252034,3.97,bending,92.1134,0.026318,284.8346,0.5488
3.5,8.0,0,0.857354,1.17,bending,195.6854,0.05591,4120.3678,1.0
3.5,8.0,2,0.230139,4.35,bending,98.9174,0.028262,1541.8679,0.8869
3.5,8.0,5,0.08162,12.25,bending,55.4992,0.015857,476.3016,0.7408
3.5,8.0,8,0.136604,7.32,bending,68.9139,0.01969,327.1171,0.6188
3.5,8.0,10,0.286214,3.49,bending,98.143,0.028041,303.1899,0.5488
4.0,0.5,0,0.00833,120.04,bending,25.5209,0.00638,322.8867,1.0
4.0,0.5,2,0.001958,510.78,bending,12.1655,0.003041,116.5521,0.8869
4.0,0.5,5,0.00529,189.05,bending,20.0709,0.005018,141.1632,0.7408
4.0,0.5,8,0.01504,66.49,bending,33.741,0.008435,153.1795,0.6188
4.0,0.5,10,0.033009,30.29,bending,49.8181,0.012455,152.2031,0.5488
4.0,1.0,0,0.011949,83.69,bending,30.3245,0.007581,367.5629,1.0
4.0,1.0,2,0.003176,314.81,bending,15.2381,0.00381,133.3205,0.8869
4.0,1.0,5,0.006803,147.0,bending,22.3887,0.005597,145.106,0.7408
4.0,1.0,8,0.018682,53.53,bending,36.9718,0.009243,155.2258,0.6188
4.0,1.0,10,0.041002,24.39,bending,54.5353,0.013634,153.9794,0.5488
4.0,1.5,0,0.018281,54.7,bending,37.3461,0.009337,442.0233,1.0
4.0,1.5,2,0.005199,192.36,bending,19.3293,0.004832,161.2679,0.8869
4.0,1.5,5,0.008743,114.38,bending,25.0466,0.006262,151.6773,0.7408
4.0,1.5,8,0.023053,43.38,bending,40.478,0.010119,158.6364,0.6188
4.0,1.5,10,0.05052,19.79,bending,59.6077,0.014902,156.9399,0.5488
4.0,2.0,0,0.028541,35.04,bending,46.5855,0.011646,546.2679,1.0
4.0,2.0,2,0.008361,119.6,bending,24.4392,0.00611,200.3942,0.8869
4.0,2.0,5,0.011188,89.38,bending,28.0445,0.007011,160.8772,0.7408
4.0,2.0,8,0.028239,35.41,bending,44.2596,0.011065,163.4111,0.6188
4.0,2.0,10,0.061726,16.2,bending,65.0351,0.016259,161.0846,0.5488
4.0,2.5,0,0.044314,22.57,bending,58.0429,0.014511,680.2967,1.0
4.0,2.5,2,0.013079,76.46,bending,30.5678,0.007642,250.6995,0.8869
4.0,2.5,5,0.014225,70.3,bending,31.3825,0.007846,172.7056,0.7408
4.0,2.5,8,0.034334,29.13,bending,48.3166,0.012079,169.5501,0.6188
4.0,2.5,10,0.074794,13.37,bending,70.8175,0.017704,166.4136,0.5488
4.0,3.0,0,0.067553,14.8,bending,71.7182,0.01793,844.1096,1.0
4.0,3.0,2,0.019847,50.39,bending,37.7152,0.009429,312.1837,0.8869
4.0,3.0,5,0.017949,55.71,bending,35.0606,0.008765,187.1626,0.7408
4.0,3.0,8,0.041436,24.13,bending,52.649,0.013162,177.0533,0.6188
4.0,3.0,10,0.089909,11.12,bending,76.955,0.019239,172.9267,0.5488
4.0,3.5,0,0.10058,9.94,bending,87.6114,0.021903,1037.7067,1.0
4.0,3.5,2,0.029235,34.21,bending,45.8812,0.01147,384.8468,0.8869
4.0,3.5,5,0.022466,44.51,bending,39.0788,0.00977,204.2481,0.7408
4.0,3.5,8,0.049649,20.14,bending,57.2568,0.014314,185.9207,0.6188
4.0,3.5,10,0.107264,9.32,bending,83.4475,0.020862,180.6241,0.5488
4.0,4.0,0,0.146087,6.85,bending,105.7224,0.026431,1261.0879,1.0
4.0,4.0,2,0.041894,23.87,bending,55.066,0.013767,468.689,0.8869
4.0,4.0,5,0.027888,35.86,bending,43.437,0.010859,223.9621,0.7408
4.0,4.0,8,0.059082,16.93,bending,62.14,0.015535,196.1523,0.6188
4.0,4.0,10,0.127062,7.87,bending,90.295,0.022574,189.5057,0.5488
4.0,4.5,0,0.207136,4.83,bending,126.0514,0.031513,1514.2533,1.0
4.0,4.5,2,0.058551,17.08,bending,65.2695,0.016317,563.71,0.8869
4.0,4.5,5,0.034338,29.12,bending,48.1353,0.012034,246.3047,0.7408
4.0,4.5,8,0.069852,14.32,bending,67.2986,0.016825,207.7482,0.6188
4.0,4.5,10,0.149515,6.69,bending,97.4977,0.024374,199.5715,0.5488
4.0,5.0,0,0.287155,3.48,bending,148.5984,0.03715,1797.2029,1.0
4.0,5.0,2,0.080013,12.5,bending,76.4917,0.019123,669.91,0.8869
4.0,5.0,5,0.041945,23.84,bending,53.1736,0.013293,271.2757,0.7408
4.0,5.0,8,0.08208,12.18,bending,72.7326,0.018183,220.7082,0.6188
4.0,5.0,10,0.174846,5.72,bending,105.0553,0.026264,210.8215,0.5488
4.0,5.5,0,0.389945,2.56,bending,173.3632,0.043341,2109.9366,1.0
4.0,5.5,2,0.107163,9.33,bending,88.7325,0.022183,787.289,0.8869
4.0,5.5,5,0.05085,19.67,bending,58.5521,0.014638,298.8754,0.7408
4.0,5.5,8,0.095894,10.43,bending,78.4421,0.019611,235.0325,0.6188
4.0,5.5,10,0.203288,4.92,bending,112.9681,0.028242,223.2557,0.5488
4.0,6.0,0,0.519673,1.92,bending,200.3459,0.050086,2452.4545,1.0
4.0,6.0,2,0.140965,7.09,bending,101.9921,0.025498,915.8468,0.8869
4.0,6.0,5,0.061201,16.34,bending,64.2706,0.016068,329.1035,0.7408
4.0,6.0,8,0.111425,8.97,bending,84.4269,0.021107,250.721,0.6188
4.0,6.0,10,0.235082,4.25,bending,121.2358,0.030309,236.8741,0.5488
4.0,6.5,0,0.680878,1.47,bending,229.5465,0.057387,2824.7566,1.0
4.0,6.5,2,0.182458,5.48,bending,116.2704,0.029068,1055.5837,0.8869
4.0,6.5,5,0.073155,13.67,bending,70.3292,0.017582,361.9603,0.7408
4.0,6.5,8,0.128814,7.76,bending,90.6871,0.022672,267.7737,0.6188
4.0,6.5,10,0.270479,3.7,bending,129.8586,0.032465,251.6767,0.5488
4.0,7.0,0,0.878466,1.14,bending,260.9651,0.065241,3226.8428,1.0
4.0,7.0,2,0.232762,4.3,bending,131.5674,0.032892,1206.4995,0.8869
4.0,7.0,5,0.086878,11.51,bending,76.7278,0.019182,397.4455,0.7408
4.0,7.0,8,0.148205,6.75,bending,97.2227,0.024306,286.1906,0.6188
4.0,7.0,10,0.309741,3.23,bending,138.8365,0.034709,267.6636,0.5488
4.0,7.5,0,1.117713,0.89,bending,294.6015,0.07365,3658.7132,1.0
4.0,7.5,2,0.293073,3.41,bending,147.8832,0.036971,1368.5942,0.8869
4.0,7.5,5,0.102544,9.75,bending,83.4665,0.020867,435.5593,0.7408
4.0,7.5,8,0.169749,5.89,bending,104.0338,0.026008,305.9717,0.6188
4.0,7.5,10,0.353138,2.83,bending,148.1694,0.037042,284.8346,0.5488
4.0,8.0,0,1.404264,0.71,bending,330.4559,0.082614,4120.3678,1.0
4.0,8.0,2,0.364666,2.74,bending,165.2176,0.041304,1541.8679,0.8869
4.0,8.0,5,0.120336,8.31,bending,90.5453,0.022636,476.3016,0.7408
4.0,8.0,8,0.1936,5.17,bending,111.1202,0.02778,327.1171,0.6188
4.0,8.0,10,0.40095,2.49,bending,157.8574,0.039464,303.1899,0.5488
4.5,0.5,0,0.013003,76.91,bending,40.6168,0.009026,322.8867,1.0
4.5,0.5,2,0.002989,334.58,bending,19.2119,0.004269,116.5521,0.8869
4.5,0.5,5,0.008152,122.66,bending,31.828,0.007073,141.1632,0.7408
4.5,0.5,8,0.023182,43.14,bending,53.5452,0.011899,153.1795,0.6188
4.5,0.5,10,0.0508,19.68,bending,79.0542,0.017568,152.2031,0.5488
4.5,1.0,0,0.01843,54.26,bending,48.0483,0.010677,367.5629,1.0
4.5,1.0,2,0.004737,211.1,bending,23.8585,0.005302,133.3205,0.8869
4.5,1.0,5,0.010251,97.56,bending,35.2188,0.007826,145.106,0.7408
4.5,1.0,8,0.028159,35.51,bending,58.2185,0.012937,155.2258,0.6188
4.5,1.0,10,0.061669,16.22,bending,85.8652,0.019081,153.9794,0.5488
4.5,1.5,0,0.028015,35.69,bending,59.0326,0.013118,442.0233,1.0
4.5,1.5,2,0.007664,130.48,bending,30.1369,0.006697,161.2679,0.8869
4.5,1.5,5,0.012945,77.25,bending,39.1543,0.008701,151.6773,0.7408
4.5,1.5,8,0.034113,29.31,bending,63.333,0.014074,158.6364,0.6188
4.5,1.5,10,0.074553,13.41,bending,93.245,0.020721,156.9399,0.5488
4.5,2.0,0,0.043631,22.92,bending,73.5695,0.016349,546.2679,1.0
4.5,2.0,2,0.012277,81.46,bending,38.047,0.008455,200.3942,0.8869
4.5,2.0,5,0.016349,61.16,bending,43.6346,0.009697,160.8772,0.7408
4.5,2.0,8,0.041168,24.29,bending,68.8887,0.015309,163.4111,0.6188
4.5,2.0,10,0.089683,11.15,bending,101.1934,0.022487,161.0846,0.5488
4.5,2.5,0,0.067735,14.76,bending,91.6592,0.020369,680.2967,1.0
4.5,2.5,2,0.019205,52.07,bending,47.5889,0.010575,250.6995,0.8869
4.5,2.5,5,0.020589,48.57,bending,48.6595,0.010813,172.7056,0.7408
4.5,2.5,8,0.049454,20.22,bending,74.8855,0.016641,169.5501,0.6188
4.5,2.5,10,0.107307,9.32,bending,109.7106,0.02438,166.4136,0.5488
4.5,3.0,0,0.10337,9.67,bending,113.3015,0.025178,844.1096,1.0
4.5,3.0,2,0.029205,34.24,bending,58.7626,0.013058,312.1837,0.8869
4.5,3.0,5,0.025804,38.75,bending,54.2292,0.012051,187.1626,0.7408
4.5,3.0,8,0.059113,16.92,bending,81.3234,0.018072,177.0533,0.6188
4.5,3.0,10,0.127685,7.83,bending,118.7965,0.026399,172.9267,0.5488
4.5,3.5,0,0.154169,6.49,bending,138.4965,0.030777,1037.7067,1.0
4.5,3.5,2,0.043155,23.17,bending,71.5681,0.015904,384.8468,0.8869
4.5,3.5,5,0.03215,31.1,bending,60.3437,0.01341,204.2481,0.7408
4.5,3.5,8,0.070294,14.23,bending,88.2025,0.019601,185.9207,0.6188
4.5,3.5,10,0.151095,6.62,bending,128.4511,0.028545,180.6241,0.5488
4.5,4.0,0,0.224346,4.46,bending,167.2441,0.037165,1261.0879,1.0
4.5,4.0,2,0.062057,16.11,bending,86.0054,0.019112,468.689,0.8869
4.5,4.0,5,0.039794,25.13,bending,67.0028,0.01489,223.9621,0.7408
4.5,4.0,8,0.083158,12.03,bending,95.5228,0.021227,196.1523,0.6188
4.5,4.0,10,0.177829,5.62,bending,138.6745,0.030817,189.5057,0.5488
4.5,4.5,0,0.318705,3.14,bending,199.5445,0.044343,1514.2533,1.0
4.5,4.5,2,0.087038,11.49,bending,102.0745,0.022683,563.71,0.8869
4.5,4.5,5,0.048919,20.44,bending,74.2067,0.01649,246.3047,0.7408
4.5,4.5,8,0.097873,10.22,bending,103.2842,0.022952,207.7482,0.6188
4.5,4.5,10,0.208196,4.8,bending,149.4666,0.033215,199.5715,0.5488
4.5,5.0,0,0.442636,2.26,bending,235.3975,0.052311,1797.2029,1.0
4.5,5.0,2,0.11935,8.38,bending,119.7753,0.026617,669.91,0.8869
4.5,5.0,5,0.05972,16.74,bending,81.9553,0.018212,271.2757,0.7408
4.5,5.0,8,0.114616,8.72,bending,111.4867,0.024775,220.7082,0.6188
4.5,5.0,10,0.242516,4.12,bending,160.8274,0.035739,210.8215,0.5488
4.5,5.5,0,0.602113,1.66,bending,274.8032,0.061067,2109.9366,1.0
4.5,5.5,2,0.160368,6.24,bending,139.1079,0.030913,787.289,0.8869
4.5,5.5,5,0.072407,13.81,bending,90.2487,0.020055,298.8754,0.7408
4.5,5.5,8,0.133573,7.49,bending,120.1304,0.026696,235.0325,0.6188
4.5,5.5,10,0.28113,3.56,bending,172.7569,0.03839,223.2557,0.5488
4.5,6.0,0,0.803699,1.24,bending,317.7616,0.070614,2452.4545,1.0
4.5,6.0,2,0.211589,4.73,bending,160.0723,0.035572,915.8468,0.8869
4.5,6.0,5,0.087203,11.47,bending,99.0868,0.022019,329.1035,0.7408
4.5,6.0,8,0.154941,6.45,bending,129.2152,0.028714,250.721,0.6188
4.5,6.0,10,0.32439,3.08,bending,185.2551,0.041168,236.8741,0.5488
4.5,6.5,0,1.054541,0.95,bending,364.2727,0.080949,2824.7566,1.0
4.5,6.5,2,0.274638,3.64,bending,182.6685,0.040593,1055.5837,0.8869
4.5,6.5,5,0.104347,9.58,bending,108.4696,0.024104,361.9603,0.7408
4.5,6.5,8,0.178925,5.59,bending,138.7411,0.030831,267.7737,0.6188
4.5,6.5,10,0.372665,2.68,bending,198.3221,0.044072,251.6767,0.5488
4.5,7.0,0,1.362375,0.73,bending,414.3365,0.092075,3226.8428,1.0
4.5,7.0,2,0.351262,2.85,bending,206.8965,0.045977,1206.4995,0.8869
4.5,7.0,5,0.12409,8.06,bending,118.3972,0.02631,397.4455,0.7408
4.5,7.0,8,0.205739,4.86,bending,148.7083,0.033046,286.1906,0.6188
4.5,7.0,10,0.426338,2.35,bending,211.9578,0.047102,267.6636,0.5488
4.5,7.5,0,1.73552,0.58,bending,467.9529,0.10399,3658.7132,1.0
4.5,7.5,2,0.443331,2.26,bending,232.7562,0.051724,1368.5942,0.8869
4.5,7.5,5,0.146697,6.82,bending,128.8695,0.028638,435.5593,0.7408
4.5,7.5,8,0.235606,4.24,bending,159.1165,0.035359,305.9717,0.6188
4.5,7.5,10,0.48581,2.06,bending,226.1622,0.050258,284.8346,0.5488
4.5,8.0,0,2.182884,0.46,bending,525.1221,0.116694,4120.3678,1.0
4.5,8.0,2,0.552841,1.81,bending,260.2478,0.057833,1541.8679,0.8869
4.5,8.0,5,0.172447,5.8,bending,139.8865,0.031086,476.3016,0.7408
4.5,8.0,8,0.268759,3.72,bending,169.9659,0.03777,327.1171,0.6188
4.5,8.0,10,0.551495,1.81,bending,240.9354,0.053541,303.1899,0.5488
5.0,0.5,0,0.01943,51.47,bending,61.586,0.012317,322.8867,1.0
5.0,0.5,2,0.00439,227.81,bending,28.9468,0.005789,116.5521,0.8869
5.0,0.5,5,0.012065,82.88,bending,48.1187,0.009624,141.1632,0.7408
5.0,0.5,8,0.034315,29.14,bending,80.9999,0.0162,153.1795,0.6188
5.0,0.5,10,0.075113,13.31,bending,119.5831,0.023917,152.2031,0.5488
5.0,1.0,0,0.027284,36.65,bending,72.5923,0.014518,367.5629,1.0
5.0,1.0,2,0.006829,146.44,bending,35.6937,0.007139,133.3205,0.8869
5.0,1.0,5,0.014903,67.1,bending,52.8944,0.010579,145.106,0.7408
5.0,1.0,8,0.040959,24.41,bending,87.5111,0.017502,155.2258,0.6188
5.0,1.0,10,0.089561,11.17,bending,129.0557,0.025811,153.9794,0.5488
5.0,1.5,0,0.041266,24.23,bending,89.0135,0.017803,442.0233,1.0
5.0,1.5,2,0.010947,91.35,bending,44.9276,0.008986,161.2679,0.8869
5.0,1.5,5,0.01856,53.88,bending,58.5002,0.0117,151.6773,0.7408
5.0,1.5,8,0.0489,20.45,bending,94.6947,0.018939,158.6364,0.6188
5.0,1.5,10,0.106654,9.38,bending,139.3951,0.027879,156.9399,0.5488
5.0,2.0,0,0.064142,15.59,bending,110.8496,0.02217,546.2679,1.0
5.0,2.0,2,0.017477,57.22,bending,56.6486,0.01133,200.3942,0.8869
5.0,2.0,5,0.023194,43.12,bending,64.9364,0.012987,160.8772,0.7408
5.0,2.0,8,0.058307,17.15,bending,102.5507,0.02051,163.4111,0.6188
5.0,2.0,10,0.126707,7.89,bending,150.6013,0.03012,161.0846,0.5488
5.0,2.5,0,0.099568,10.04,bending,138.1006,0.02762,680.2967,1.0
5.0,2.5,2,0.027342,36.57,bending,70.8568,0.014171,250.6995,0.8869
5.0,2.5,5,0.028981,34.51,bending,72.2028,0.014441,172.7056,0.7408
5.0,2.5,8,0.069361,14.42,bending,111.0791,0.022216,169.5501,0.6188
5.0,2.5,10,0.150059,6.66,bending,162.6743,0.032535,166.4136,0.5488
5.0,3.0,0,0.152084,6.58,bending,170.7664,0.034153,844.1096,1.0
5.0,3.0,2,0.041651,24.01,bending,87.552,0.01751,312.1837,0.8869
5.0,3.0,5,0.036121,27.68,bending,80.2995,0.01606,187.1626,0.7408
5.0,3.0,8,0.082259,12.16,bending,120.2798,0.024056,177.0533,0.6188
5.0,3.0,10,0.177072,5.65,bending,175.6142,0.035123,172.9267,0.5488
5.0,3.5,0,0.227123,4.4,bending,208.8471,0.041769,1037.7067,1.0
5.0,3.5,2,0.061702,16.21,bending,106.7344,0.021347,384.8468,0.8869
5.0,3.5,5,0.044835,22.3,bending,89.2264,0.017845,204.2481,0.7408
5.0,3.5,8,0.097209,10.29,bending,130.153,0.026031,185.9207,0.6188
5.0,3.5,10,0.208131,4.8,bending,189.4209,0.037884,180.6241,0.5488
5.0,4.0,0,0.331003,3.02,bending,252.3426,0.050469,1261.0879,1.0
5.0,4.0,2,0.088978,11.24,bending,128.4039,0.025681,468.689,0.8869
5.0,4.0,5,0.055363,18.06,bending,98.9836,0.019797,223.9621,0.7408
5.0,4.0,8,0.114437,8.74,bending,140.6985,0.02814,196.1523,0.6188
5.0,4.0,10,0.243643,4.1,bending,204.0945,0.040819,189.5057,0.5488
5.0,4.5,0,0.470929,2.12,bending,301.2531,0.060251,1514.2533,1.0
5.0,4.5,2,0.125153,7.99,bending,152.5604,0.030512,563.71,0.8869
5.0,4.5,5,0.067968,14.71,bending,109.5711,0.021914,246.3047,0.7408
5.0,4.5,8,0.134177,7.45,bending,151.9163,0.030383,207.7482,0.6188
5.0,4.5,10,0.28404,3.52,bending,219.6348,0.043927,199.5715,0.5488
5.0,5.0,0,0.654997,1.53,bending,355.5784,0.071116,1797.2029,1.0
5.0,5.0,2,0.172088,5.81,bending,179.2041,0.035841,669.91,0.8869
5.0,5.0,5,0.082931,12.06,bending,120.9888,0.024198,271.2757,0.7408
5.0,5.0,8,0.156683,6.38,bending,163.8066,0.032761,220.7082,0.6188
5.0,5.0,10,0.329775,3.03,bending,236.042,0.047208,210.8215,0.5488
5.0,5.5,0,0.892188,1.12,bending,415.3185,0.083064,2109.9366,1.0
5.0,5.5,2,0.23183,4.31,bending,208.3349,0.041667,787.289,0.8869
5.0,5.5,5,0.100559,9.94,bending,133.2368,0.026647,298.8754,0.7408
5.0,5.5,8,0.182219,5.49,bending,176.3692,0.035274,235.0325,0.6188
5.0,5.5,10,0.381327,2.62,bending,253.316,0.050663,223.2557,0.5488
5.0,6.0,0,1.192373,0.84,bending,480.4736,0.096095,2452.4545,1.0
5.0,6.0,2,0.306616,3.26,bending,239.9528,0.047991,915.8468,0.8869
5.0,6.0,5,0.121175,8.25,bending,146.315,0.029263,329.1035,0.7408
5.0,6.0,8,0.211064,4.74,bending,189.6043,0.037921,250.721,0.6188
5.0,6.0,10,0.439195,2.28,bending,271.4569,0.054291,236.8741,0.5488
5.0,6.5,0,1.566309,0.64,bending,551.0435,0.110209,2824.7566,1.0
5.0,6.5,2,0.398869,2.51,bending,274.0578,0.054812,1055.5837,0.8869
5.0,6.5,5,0.145125,6.89,bending,160.2235,0.032045,361.9603,0.7408
5.0,6.5,8,0.243511,4.11,bending,203.5117,0.040702,267.7737,0.6188
5.0,6.5,10,0.503903,1.98,bending,290.4645,0.058093,251.6767,0.5488
5.0,7.0,0,2.025643,0.49,bending,627.0283,0.125406,3226.8428,1.0
5.0,7.0,2,0.511202,1.96,bending,310.6499,0.06213,1206.4995,0.8869
5.0,7.0,5,0.172777,5.79,bending,174.9623,0.034992,397.4455,0.7408
5.0,7.0,8,0.279866,3.57,bending,218.0914,0.043618,286.1906,0.6188
5.0,7.0,10,0.575997,1.74,bending,310.339,0.062068,267.6636,0.5488
5.0,7.5,0,2.582908,0.39,bending,708.428,0.141686,3658.7132,1.0
5.0,7.5,2,0.646413,1.55,bending,349.7291,0.069946,1368.5942,0.8869
5.0,7.5,5,0.20452,4.89,bending,190.5313,0.038106,435.5593,0.7408
5.0,7.5,8,0.320449,3.12,bending,233.3436,0.046669,305.9717,0.6188
5.0,7.5,10,0.656047,1.52,bending,331.0804,0.066216,284.8346,0.5488
5.0,8.0,0,3.251527,0.31,bending,795.2426,0.159049,4120.3678,1.0
5.0,8.0,2,0.80749,1.24,bending,391.2954,0.078259,1541.8679,0.8869
5.0,8.0,5,0.240761,4.15,bending,206.9306,0.041386,476.3016,0.7408
5.0,8.0,8,0.365595,2.74,bending,249.2681,0.049854,327.1171,0.6188
5.0,8.0,10,0.744644,1.34,bending,352.6885,0.070538,303.1899,0.5488
5.5,0.5,0,0.028009,35.7,bending,89.7844,0.016324,322.8867,1.0
5.5,0.5,2,0.006241,160.24,bending,41.9796,0.007633,116.5521,0.8869
5.5,0.5,5,0.01726,57.94,bending,69.9808,0.012724,141.1632,0.7408
5.5,0.5,8,0.049103,20.37,bending,117.8596,0.021429,153.1795,0.6188
5.5,0.5,10,0.10739,9.31,bending,173.994,0.031635,152.2031,0.5488
5.5,1.0,0,0.039037,25.62,bending,105.5147,0.019184,367.5629,1.0
5.5,1.0,2,0.009562,104.58,bending,51.456,0.009356,133.3205,0.8869
5.5,1.0,5,0.021016,47.58,bending,76.5027,0.01391,145.106,0.7408
5.5,1.0,8,0.057791,17.3,bending,126.66,0.023029,155.2258,0.6188
5.5,1.0,10,0.126217,7.92,bending,186.7746,0.033959,153.9794,0.5488
5.5,1.5,0,0.0588,17.01,bending,129.173,0.023486,442.0233,1.0
5.5,1.5,2,0.015211,65.74,bending,64.5738,0.011741,161.2679,0.8869
5.5,1.5,5,0.025877,38.64,bending,84.2402,0.015316,151.6773,0.7408
5.5,1.5,8,0.06818,14.67,bending,136.4448,0.024808,158.6364,0.6188
5.5,1.5,10,0.14848,6.73,bending,200.8243,0.036514,156.9399,0.5488
5.5,2.0,0,0.091251,10.96,bending,160.7593,0.029229,546.2679,1.0
5.5,2.0,2,0.02422,41.29,bending,81.333,0.014788,200.3942,0.8869
5.5,2.0,5,0.032056,31.2,bending,93.1933,0.016944,160.8772,0.7408
5.5,2.0,8,0.080497,12.42,bending,147.214,0.026766,163.4111,0.6188
5.5,2.0,10,0.1746,5.73,bending,216.1431,0.039299,161.0846,0.5488
5.5,2.5,0,0.141636,7.06,bending,200.2735,0.036413,680.2967,1.0
5.5,2.5,2,0.037892,26.39,bending,101.7336,0.018497,250.6995,0.8869
5.5,2.5,5,0.039796,25.13,bending,103.362,0.018793,172.7056,0.7408
5.5,2.5,8,0.094986,10.53,bending,158.9677,0.028903,169.5501,0.6188
5.5,2.5,10,0.205031,4.88,bending,232.7311,0.042315,166.4136,0.5488
5.5,3.0,0,0.216496,4.62,bending,247.7156,0.045039,844.1096,1.0
5.5,3.0,2,0.057806,17.3,bending,125.7755,0.022868,312.1837,0.8869
5.5,3.0,5,0.049372,20.25,bending,114.7463,0.020863,187.1626,0.7408
5.5,3.0,8,0.111911,8.94,bending,171.7058,0.031219,177.0533,0.6188
5.5,3.0,10,0.240261,4.16,bending,250.5882,0.045561,172.9267,0.5488
5.5,3.5,0,0.323665,3.09,bending,303.0857,0.055106,1037.7067,1.0
5.5,3.5,2,0.085811,11.65,bending,153.4589,0.027902,384.8468,0.8869
5.5,3.5,5,0.061089,16.37,bending,127.3462,0.023154,204.2481,0.7408
5.5,3.5,8,0.131559,7.6,bending,185.4284,0.033714,185.9207,0.6188
5.5,3.5,10,0.280811,3.56,bending,269.7144,0.049039,180.6241,0.5488
5.5,4.0,0,0.472271,2.12,bending,366.3837,0.066615,1261.0879,1.0
5.5,4.0,2,0.124034,8.06,bending,184.7836,0.033597,468.689,0.8869
5.5,4.0,5,0.075283,13.28,bending,141.1616,0.025666,223.9621,0.7408
5.5,4.0,8,0.154235,6.48,bending,200.1354,0.036388,196.1523,0.6188
5.5,4.0,10,0.327235,3.06,bending,290.1098,0.052747,189.5057,0.5488
5.5,4.5,0,0.672734,1.49,bending,437.6097,0.079565,1514.2533,1.0
5.5,4.5,2,0.174871,5.72,bending,219.7497,0.039954,563.71,0.8869
5.5,4.5,5,0.092319,10.83,bending,156.1927,0.028399,246.3047,0.7408
5.5,4.5,8,0.180264,5.55,bending,215.8268,0.039241,207.7482,0.6188
5.5,4.5,10,0.380124,2.63,bending,311.7743,0.056686,199.5715,0.5488
5.5,5.0,0,0.93677,1.07,bending,516.7636,0.093957,1797.2029,1.0
5.5,5.0,2,0.240996,4.15,bending,258.3572,0.046974,669.91,0.8869
5.5,5.0,5,0.112595,8.88,bending,172.4394,0.031353,271.2757,0.7408
5.5,5.0,8,0.209992,4.76,bending,232.5026,0.042273,220.7082,0.6188
5.5,5.0,10,0.440097,2.27,bending,334.7079,0.060856,210.8215,0.5488
5.5,5.5,0,1.277389,0.78,bending,603.8455,0.10979,2109.9366,1.0
5.5,5.5,2,0.325351,3.07,bending,300.6061,0.054656,787.289,0.8869
5.5,5.5,5,0.136538,7.32,bending,189.9016,0.034528,298.8754,0.7408
5.5,5.5,8,0.243784,4.1,bending,250.1629,0.045484,235.0325,0.6188
5.5,5.5,10,0.50781,1.97,bending,358.9106,0.065256,223.2557,0.5488
5.5,6.0,0,1.708893,0.59,bending,698.8553,0.127065,2452.4545,1.0
5.5,6.0,2,0.431157,2.32,bending,346.4964,0.062999,915.8468,0.8869
5.5,6.0,5,0.164606,6.08,bending,208.5794,0.037924,329.1035,0.7408
5.5,6.0,8,0.282027,3.55,bending,268.8076,0.048874,250.721,0.6188
5.5,6.0,10,0.583953,1.71,bending,384.3825,0.069888,236.8741,0.5488
5.5,6.5,0,2.246878,0.45,bending,801.793,0.145781,2824.7566,1.0
5.5,6.5,2,0.561905,1.78,bending,396.028,0.072005,1055.5837,0.8869
5.5,6.5,5,0.197287,5.07,bending,228.4729,0.041541,361.9603,0.7408
5.5,6.5,8,0.325126,3.08,bending,288.4367,0.052443,267.7737,0.6188
5.5,6.5,10,0.669248,1.49,bending,411.1234,0.07475,251.6767,0.5488
5.5,7.0,0,2.908236,0.34,bending,912.6587,0.165938,3226.8428,1.0
5.5,7.0,2,0.721361,1.39,bending,449.2011,0.081673,1206.4995,0.8869
5.5,7.0,5,0.235101,4.25,bending,249.5819,0.045379,397.4455,0.7408
5.5,7.0,8,0.373509,2.68,bending,309.0503,0.056191,286.1906,0.6188
5.5,7.0,10,0.764451,1.31,bending,439.1336,0.079842,267.6636,0.5488
5.5,7.5,0,3.71115,0.27,bending,1031.4523,0.187537,3658.7132,1.0
5.5,7.5,2,0.913563,1.09,bending,506.0155,0.092003,1368.5942,0.8869
5.5,7.5,5,0.278597,3.59,bending,271.9065,0.049438,435.5593,0.7408
5.5,7.5,8,0.42762,2.34,bending,330.6483,0.060118,305.9717,0.6188
5.5,7.5,10,0.870351,1.15,bending,468.4128,0.085166,284.8346,0.5488
5.5,8.0,0,4.675098,0.21,bending,1158.1739,0.210577,4120.3678,1.0
5.5,8.0,2,1.142824,0.88,bending,566.4713,0.102995,1541.8679,0.8869
5.5,8.0,5,0.328355,3.05,bending,295.4467,0.053718,476.3016,0.7408
5.5,8.0,8,0.487926,2.05,bending,353.2307,0.064224,327.1171,0.6188
5.5,8.0,10,0.987772,1.01,bending,498.9612,0.09072,303.1899,0.5488
6.0,0.5,0,0.039176,25.53,bending,126.7084,0.021118,322.8867,1.0
6.0,0.5,2,0.008629,115.88,bending,58.9817,0.00983,116.5521,0.8869
6.0,0.5,5,0.023992,41.68,bending,98.559,0.016427,141.1632,0.7408
6.0,0.5,8,0.068275,14.65,bending,166.0598,0.027677,153.1795,0.6188
6.0,0.5,10,0.149224,6.7,bending,245.1434,0.040857,152.2031,0.5488
6.0,1.0,0,0.054263,18.43,bending,148.5341,0.024756,367.5629,1.0
6.0,1.0,2,0.013056,76.59,bending,71.9291,0.011988,133.3205,0.8869
6.0,1.0,5,0.02887,34.64,bending,107.2412,0.017874,145.106,0.7408
6.0,1.0,8,0.07943,12.59,bending,177.6591,0.02961,155.2258,0.6188
6.0,1.0,10,0.173323,5.77,bending,261.9603,0.04366,153.9794,0.5488
6.0,1.5,0,0.081458,12.28,bending,181.5881,0.030265,442.0233,1.0
6.0,1.5,2,0.020638,48.46,bending,90.0339,0.015006,161.2679,0.8869
6.0,1.5,5,0.035212,28.4,bending,117.6451,0.019608,151.6773,0.7408
6.0,1.5,8,0.092791,10.78,bending,190.6525,0.031775,158.6364,0.6188
6.0,1.5,10,0.20184,4.95,bending,280.5746,0.046762,156.9399,0.5488
6.0,2.0,0,0.126247,7.92,bending,225.8705,0.037645,546.2679,1.0
6.0,2.0,2,0.032785,30.5,bending,113.296,0.018883,200.3942,0.8869
6.0,2.0,5,0.0433,23.09,bending,129.7706,0.021628,160.8772,0.7408
6.0,2.0,8,0.108652,9.2,bending,205.0403,0.034173,163.4111,0.6188
6.0,2.0,10,0.235325,4.25,bending,300.9864,0.050164,161.0846,0.5488
6.0,2.5,0,0.195944,5.1,bending,281.3813,0.046897,680.2967,1.0
6.0,2.5,2,0.051294,19.5,bending,141.7153,0.023619,250.6995,0.8869
6.0,2.5,5,0.053462,18.7,bending,143.6177,0.023936,172.7056,0.7408
6.0,2.5,8,0.127337,7.85,bending,220.8223,0.036804,169.5501,0.6188
6.0,2.5,10,0.274373,3.64,bending,323.1957,0.053866,166.4136,0.5488
6.0,3.0,0,0.299684,3.34,bending,348.1204,0.05802,844.1096,1.0
6.0,3.0,2,0.078345,12.76,bending,175.292,0.029215,312.1837,0.8869
6.0,3.0,5,0.066067,15.14,bending,159.1865,0.026531,187.1626,0.7408
6.0,3.0,8,0.149196,6.7,bending,237.9985,0.039666,177.0533,0.6188
6.0,3.0,10,0.319628,3.13,bending,347.2024,0.057867,172.9267,0.5488
6.0,3.5,0,0.448433,2.23,bending,426.0878,0.071015,1037.7067,1.0
6.0,3.5,2,0.116506,8.58,bending,214.0259,0.035671,384.8468,0.8869
6.0,3.5,5,0.081527,12.27,bending,176.477,0.029413,204.2481,0.7408
6.0,3.5,8,0.174608,5.73,bending,256.569,0.042762,185.9207,0.6188
6.0,3.5,10,0.37178,2.69,bending,373.0066,0.062168,180.6241,0.5488
6.0,4.0,0,0.654978,1.53,bending,515.2836,0.085881,1261.0879,1.0
6.0,4.0,2,0.168729,5.93,bending,257.9171,0.042986,468.689,0.8869
6.0,4.0,5,0.100299,9.97,bending,195.489,0.032582,223.9621,0.7408
6.0,4.0,8,0.203982,4.9,bending,276.5338,0.046089,196.1523,0.6188
6.0,4.0,10,0.431567,2.32,bending,400.6082,0.066768,189.5057,0.5488
6.0,4.5,0,0.933934,1.07,bending,615.7077,0.102618,1514.2533,1.0
6.0,4.5,2,0.238355,4.2,bending,306.9656,0.051161,563.71,0.8869
6.0,4.5,5,0.12288,8.14,bending,216.2228,0.036037,246.3047,0.7408
6.0,4.5,8,0.237753,4.21,bending,297.8928,0.049649,207.7482,0.6188
6.0,4.5,10,0.499774,2.0,bending,430.0073,0.071668,199.5715,0.5488
6.0,5.0,0,1.30174,0.77,bending,727.3602,0.121227,1797.2029,1.0
6.0,5.0,2,0.329106,3.04,bending,361.1715,0.060195,669.91,0.8869
6.0,5.0,5,0.149812,6.68,bending,238.6781,0.03978,271.2757,0.7408
6.0,5.0,8,0.276387,3.62,bending,320.646,0.053441,220.7082,0.6188
6.0,5.0,10,0.577233,1.73,bending,461.2039,0.076867,210.8215,0.5488
6.0,5.5,0,1.776663,0.56,bending,850.241,0.141707,2109.9366,1.0
6.0,5.5,2,0.445093,2.25,bending,420.5346,0.070089,787.289,0.8869
6.0,5.5,5,0.181682,5.5,bending,262.8551,0.043809,298.8754,0.7408
6.0,5.5,8,0.320375,3.12,bending,344.7935,0.057466,235.0325,0.6188
6.0,5.5,10,0.664823,1.5,bending,494.198,0.082366,223.2557,0.5488
6.0,6.0,0,2.378792,0.42,bending,984.3502,0.164058,2452.4545,1.0
6.0,6.0,2,0.590813,1.69,bending,485.055,0.080842,915.8468,0.8869
6.0,6.0,5,0.219116,4.56,bending,288.7538,0.048126,329.1035,0.7408
6.0,6.0,8,0.37024,2.7,bending,370.3352,0.061723,250.721,0.6188
6.0,6.0,10,0.763471,1.31,bending,528.9895,0.088165,236.8741,0.5488
6.0,6.5,0,3.130045,0.32,bending,1129.6877,0.188281,2824.7566,1.0
6.0,6.5,2,0.771146,1.3,bending,554.7327,0.092455,1055.5837,0.8869
6.0,6.5,5,0.262786,3.81,bending,316.374,0.052729,361.9603,0.7408
6.0,6.5,8,0.42653,2.34,bending,397.2712,0.066212,267.7737,0.6188
6.0,6.5,10,0.874151,1.14,bending,565.5785,0.094263,251.6767,0.5488
6.0,7.0,0,4.054163,0.25,bending,1286.2536,0.214376,3226.8428,1.0
6.0,7.0,2,0.991361,1.01,bending,629.5676,0.104928,1206.4995,0.8869
6.0,7.0,5,0.313406,3.19,bending,345.716,0.057619,397.4455,0.7408
6.0,7.0,8,0.489824,2.04,bending,425.6015,0.070934,286.1906,0.6188
6.0,7.0,10,0.997884,1.0,bending,603.9649,0.100661,267.6636,0.5488
6.0,7.5,0,5.176713,0.19,bending,1454.0478,0.242341,3658.7132,1.0
6.0,7.5,2,1.257112,0.8,bending,709.5599,0.11826,1368.5942,0.8869
6.0,7.5,5,0.371734,2.69,bending,376.7795,0.062797,435.5593,0.7408
6.0,7.5,8,0.560728,1.78,bending,455.326,0.075888,305.9717,0.6188
6.0,7.5,10,1.135738,0.88,bending,644.1488,0.107358,284.8346,0.5488
6.0,8.0,0,6.52509,0.15,bending,1633.0704,0.272178,4120.3678,1.0
6.0,8.0,2,1.574436,0.64,bending,794.7095,0.132452,1541.8679,0.8869
6.0,8.0,5,0.43857,2.28,bending,409.5647,0.068261,476.3016,0.7408
6.0,8.0,8,0.639877,1.56,bending,486.4448,0.081074,327.1171,0.6188
6.0,8.0,10,1.288829,0.78,bending,686.1302,0.114355,303.1899,0.5488
